EPOCHS_TMIN,EPOCHS_LENGTH,EPOCHS_EMPTY_FROM_MVT_TMINS,FMIN,FMAX,CLASSIFIER,RANDOM_STATE,N_SPLIT,NUMBER_OF_SESSIONS,score_A,score_B,score_C,score_X,duration,memory
-0.25,1.5,-4.0,1,40,SVC,42,4,89,0.8206649685813757,0.7896372576490363,0.7071125915549279,0.8173448081793719,805.938999414444,2444.6640625
-0.5,1.6,-4.0,1,40,SVC,42,4,89,0.8428987498493473,0.8020930083841811,0.7172841128164604,0.8330680809903823,801.343291759491,2624.52734375
-0.75,1.7,-4.0,1,40,SVC,42,4,89,0.844402682296323,0.8093942206785902,0.7182186664978408,0.835456885850625,842.3598816394806,2654.29296875
-1.0,1.8,-4.0,1,40,SVC,42,4,89,0.8313400411723597,0.8071084781037697,0.7058467096526196,0.8301457916829681,817.8304986953735,2764.72265625
-1.25,1.9,-4.0,1,40,SVC,42,4,89,0.8191815866887899,0.8014382071703827,0.6864052490759605,0.8135946567000416,842.4458782672882,2845.54296875
-1.5,2.0,-4.0,1,40,SVC,42,4,89,0.791186902683496,0.7781089553306515,0.6787306892396818,0.7857430677735905,830.9049813747406,2892.7734375
0.0,2.2,-4.0,1,40,SVC,42,4,89,0.7426170798492353,0.7117821908371315,0.6367898707600215,0.734533847969562,844.2554619312286,3188.58984375
-0.25,2.3,-4.0,1,40,SVC,42,4,89,0.7763083265377623,0.7409184576157992,0.6561944054813593,0.7686377757683767,842.2283699512482,3280.859375
-0.5,2.4,-4.0,1,40,SVC,42,4,89,0.8018883539668538,0.7684276065970355,0.6606914495713985,0.799466580876484,842.2507817745209,3461.0703125
-0.75,2.5,-4.0,1,40,SVC,42,4,89,0.8192178110139442,0.7844612675278115,0.666237411422115,0.8193566525672951,859.761402130127,3528.71484375
-1.0,1.5,-4.5,1,40,SVC,42,4,89,0.8328267544169341,0.8037124057189001,0.7057316051919216,0.8208582064971841,829.6583304405212,2456.33984375
-1.25,1.6,-4.5,1,40,SVC,42,4,89,0.8104904704255321,0.7841085446087256,0.6945469763186991,0.8044475787676217,828.0870082378387,2530.8359375
-1.5,1.7,-4.5,1,40,SVC,42,4,89,0.7718033665287998,0.7549632299932688,0.6730424977642495,0.7619307042413891,832.9145498275757,2654.2890625
0.0,1.9,-4.5,1,40,SVC,42,4,89,0.7785366536113785,0.7381646062486733,0.6568450699478305,0.7697259332850321,810.5339875221252,2975.59375
-0.25,2.0,-4.5,1,40,SVC,42,4,89,0.8026006025855467,0.7679592688303489,0.6803640821126755,0.8012951893757261,906.8654582500458,2932.36328125
-0.5,2.1,-4.5,1,40,SVC,42,4,89,0.8278179476722495,0.785424440830152,0.6954677833254674,0.8233912738023967,843.9987046718597,3126.0234375
-0.75,2.2,-4.5,1,40,SVC,42,4,89,0.8365967391796101,0.8014585544193873,0.7056563442178496,0.8348473963800789,861.0702948570251,3251.0703125
-1.0,2.3,-4.5,1,40,SVC,42,4,89,0.8430855256377263,0.8025802226926947,0.7033213693920193,0.8351951246904397,856.0088410377502,3373.48828125
-1.25,2.4,-4.5,1,40,SVC,42,4,89,0.8321782860541491,0.801769173092044,0.6962764397580776,0.8308859433354927,835.8238213062286,3272.37109375
-1.5,2.5,-4.5,1,40,SVC,42,4,89,0.8151060516055477,0.7860609856031517,0.6817677570292145,0.8087752615670465,849.8813011646271,3533.734375
0.0,1.6,-5.0,1,40,SVC,42,4,89,0.7951775627489153,0.7642118779171048,0.6757774033014584,0.7997808875541298,872.963495016098,2608.15625
-0.25,1.7,-5.0,1,40,SVC,42,4,89,0.8219068532647382,0.7933559161127913,0.6945902117409473,0.8193369341249092,882.6033236980438,2632.8359375
-0.5,1.8,-5.0,1,40,SVC,42,4,89,0.835340526277029,0.8079315331677785,0.7146214420265959,0.8386073461427626,822.6611452102661,3037.09375
-0.75,1.9,-5.0,1,40,SVC,42,4,89,0.8497560577032994,0.8249231014741438,0.7071426857410541,0.8463566477651646,894.1390843391418,2825.23828125
-1.0,2.0,-5.0,1,40,SVC,42,4,89,0.8482368628507349,0.8194241607721855,0.7085253326759331,0.8456054672786667,804.0307972431183,3019.671875
-1.25,2.1,-5.0,1,40,SVC,42,4,89,0.837394189674228,0.8090597427810795,0.6989870284303393,0.8321594069706292,818.6711668968201,2955.421875
-1.5,2.2,-5.0,1,40,SVC,42,4,89,0.8135655690167506,0.787684009662003,0.6819185570326387,0.8054947421605795,844.9660198688507,3239.734375
0.0,2.4,-5.0,1,40,SVC,42,4,89,0.7319390691253342,0.6972072196286843,0.6286065372761239,0.7182847374459904,907.3326930999756,3351.12890625
-0.25,2.5,-5.0,1,40,SVC,42,4,89,0.7720914673169532,0.7261882847155188,0.6429572985790866,0.753653078233466,918.1232261657716,3446.81640625
-0.5,1.5,-5.5,1,40,SVC,42,4,89,0.8406527588112139,0.8207283260800092,0.7184514416560954,0.8390925610322155,873.4205434322357,2388.109375
-0.75,1.6,-5.5,1,40,SVC,42,4,89,0.8531148573307832,0.8226633579286993,0.7194325466442129,0.8456723165201897,786.8477957248688,2908.40625
-1.0,1.7,-5.5,1,40,SVC,42,4,89,0.8411818463883656,0.8169995686195693,0.715495905931591,0.8409433166743453,786.4139003753662,2909.609375
-1.25,1.8,-5.5,1,40,SVC,42,4,89,0.8252296454602097,0.8041981750234621,0.697112240663895,0.8238789524808534,816.0019445419312,3020.8125
-1.5,1.9,-5.5,1,40,SVC,42,4,89,0.7902798013557019,0.783462765925407,0.6870925058128171,0.7883972326956885,881.48304438591,2890.5078125
0.0,2.1,-5.5,1,40,SVC,42,4,89,0.7620294946392153,0.7363973469747207,0.6463656531788937,0.7549209404819373,895.3764045238495,3191.19140625
-0.25,2.2,-5.5,1,40,SVC,42,4,89,0.7921840767080957,0.7637496012128019,0.6637230572992538,0.7873083833197804,912.9362337589264,3245.203125
-0.5,2.3,-5.5,1,40,SVC,42,4,89,0.820712795500307,0.7878586658423696,0.6873253220845482,0.8168367705355077,827.7520658969879,3392.50390625
-0.75,2.4,-5.5,1,40,SVC,42,4,89,0.8433584058913149,0.8063121153200689,0.7014465300759254,0.8359042391101823,820.5211207866669,3449.54296875
-1.0,2.5,-5.5,1,40,SVC,42,4,89,0.8449549356163898,0.8095590867794968,0.704288215181117,0.842325108611138,840.8586921691895,3638.8046875
-1.25,1.5,-6.0,1,40,SVC,42,4,89,0.8100295683974266,0.7850770809408933,0.7049146253784754,0.8100676258315824,858.7000348567963,2447.625
-1.5,1.6,-6.0,1,40,SVC,42,4,89,0.7705765075437584,0.7636880907635885,0.6812542778029255,0.7744567549099706,874.1395585536957,2644.60546875
0.0,1.8,-6.0,1,40,SVC,42,4,89,0.7910475324637427,0.7666622014284337,0.6736839199443475,0.7764906119281599,822.48242020607,2779.921875
-0.25,1.9,-6.0,1,40,SVC,42,4,89,0.8123975733731409,0.7969388955223125,0.6971358638406673,0.8163426585894223,816.6437442302704,2920.55078125
-0.5,2.0,-6.0,1,40,SVC,42,4,89,0.8376387013272688,0.8158829510712312,0.712725624779161,0.8397834151708163,816.3696072101593,3068.69140625
-0.75,2.1,-6.0,1,40,SVC,42,4,89,0.8512054374193874,0.8270637260431533,0.7250401858142835,0.8491264650165785,833.1362926959991,3161.93359375
-1.0,2.2,-6.0,1,40,SVC,42,4,89,0.8563234575586081,0.8304751571634295,0.7212120387427441,0.8527629021592338,901.2411770820618,3215.625
-1.25,2.3,-6.0,1,40,SVC,42,4,89,0.8437612941608021,0.8236622070201758,0.7077487322740358,0.8368650695026604,845.0553715229034,3325.6328125
-1.5,2.4,-6.0,1,40,SVC,42,4,89,0.8218209260562395,0.8051927953005569,0.6938018758982656,0.8212111448298154,910.5952546596528,3496.5859375
0.0,1.5,-6.5,1,40,SVC,42,4,89,0.7922919612515602,0.7712520324121621,0.6933730440516801,0.7933118085365707,791.9689099788666,2980.83203125
-0.25,1.6,-6.5,1,40,SVC,42,4,89,0.8206970599350779,0.7997821455719791,0.7092212117315193,0.8213522317673585,789.3138699531555,2940.75
-0.5,1.7,-6.5,1,40,SVC,42,4,89,0.8408337617751317,0.8159834658697299,0.7208073258872956,0.8337631256114131,800.2771830558777,3078.10546875
-0.75,1.8,-6.5,1,40,SVC,42,4,89,0.8521773812139115,0.8253949697334836,0.7256571773367839,0.8417105956759557,812.4811685085297,2713.125
-1.0,1.9,-6.5,1,40,SVC,42,4,89,0.8479139700690104,0.8232841551020921,0.722270526147286,0.8373938392595213,867.2849571704865,2830.515625
-1.25,2.0,-6.5,1,40,SVC,42,4,89,0.8360095826015768,0.8125740388883156,0.7101714206727293,0.8255261012071144,829.9438211917877,2959.8828125
-1.5,2.1,-6.5,1,40,SVC,42,4,89,0.8116485366372771,0.7937575906925527,0.6967000798334841,0.8043401941469235,825.6427474021912,3211.734375
0.0,2.3,-6.5,1,40,SVC,42,4,89,0.7309591826882145,0.715053546930634,0.6339862611468678,0.7173411033158583,842.9226667881012,3413.49609375
-0.25,2.4,-6.5,1,40,SVC,42,4,89,0.7640479781332251,0.7453643244043362,0.6564014292396876,0.7578380528486537,843.7050566673279,3523.5625
-0.5,2.5,-6.5,1,40,SVC,42,4,89,0.8010793249533953,0.7782555026424098,0.678356943727815,0.7869886685692196,847.6234345436096,3472.43359375
-0.75,1.5,-7.0,1,40,SVC,42,4,89,0.8169823003261075,0.8007223101787463,0.7253269875233707,0.8160957400800443,836.8041536808014,2515.36328125
-1.0,1.6,-7.0,1,40,SVC,42,4,89,0.817784482625269,0.8012135901804412,0.717349642294223,0.8134597349424709,803.9495794773102,2569.32421875
-1.25,1.7,-7.0,1,40,SVC,42,4,89,0.8010860579449062,0.7882120906510756,0.701344930050511,0.7957639966353005,801.3068294525146,2916.16796875
-1.5,1.8,-7.0,1,40,SVC,42,4,89,0.7718184111639259,0.7674432343972366,0.6890951132130743,0.7714468047707357,804.7597503662109,2944.46875
0.0,2.0,-7.0,1,40,SVC,42,4,89,0.7377245369720294,0.7284343592141505,0.6592128661259176,0.7338502802268068,822.5143382549286,3135.1015625
-0.25,2.1,-7.0,1,40,SVC,42,4,89,0.7728873299224479,0.7595800626955624,0.6765796363923072,0.7680330922843154,818.5099909305573,2954.65234375
-0.5,2.2,-7.0,1,40,SVC,42,4,89,0.80365989051734,0.789740871467342,0.69803162335242,0.8019128711987399,883.0088322162628,3251.75
-0.75,2.3,-7.0,1,40,SVC,42,4,89,0.8258826600485946,0.8090288469041169,0.7111503233538354,0.8229338365950976,847.123241186142,3395.78125
-1.0,2.4,-7.0,1,40,SVC,42,4,89,0.8316438318567003,0.8174928155199606,0.716239174397718,0.8318270650379583,800.4350616931915,3501.53125
-1.25,2.5,-7.0,1,40,SVC,42,4,89,0.8322603150804966,0.8140567718220311,0.7161311883094292,0.821851321305307,800.1362574100494,3647.6171875
-0.5,1.5,-4.0,1,40,SVC,42,4,89,0.8443334754455647,0.806952230816244,0.7136317719025889,0.833905253150655,789.1876184940338,2466.65625
-0.75,1.6,-4.0,1,40,SVC,42,4,89,0.8424099020984435,0.8114972773313174,0.7159762761867805,0.8340904003152132,784.9442291259766,2502.14453125
-1.0,1.7,-4.0,1,40,SVC,42,4,89,0.8359414115379743,0.8033854251389647,0.7067779327478332,0.8298791877071618,816.5283913612366,2620.93359375
-1.25,1.8,-4.0,1,40,SVC,42,4,89,0.8133268644225216,0.7923628165165983,0.6878427401001197,0.810376979960049,810.9728219509125,2827.41015625
-1.5,1.9,-4.0,1,40,SVC,42,4,89,0.7806023581124295,0.7706567366929405,0.6738583881278788,0.7790603887914949,802.1088349819183,2780.6796875
0.0,2.1,-4.0,1,40,SVC,42,4,89,0.7527658625916303,0.7210148848629547,0.6414657041273195,0.7445815890687422,820.9366953372955,3021.60546875
-0.25,2.2,-4.0,1,40,SVC,42,4,89,0.7889327974983114,0.7482094016083705,0.6571877292248545,0.7802054932598204,819.7251737117767,3251.45703125
-0.5,2.3,-4.0,1,40,SVC,42,4,89,0.810014995555003,0.7745802717887598,0.6692622958418307,0.810247848830254,828.9284875392914,3314.78125
-0.75,2.4,-4.0,1,40,SVC,42,4,89,0.8266144615583986,0.7904440759710512,0.674060832932359,0.825627275283655,833.127739906311,3278.21484375
-1.0,2.5,-4.0,1,40,SVC,42,4,89,0.8356269426452246,0.7990182218175661,0.678832344597638,0.8334030391138769,849.7445664405823,3534.9375
-1.25,1.5,-4.5,1,40,SVC,42,4,89,0.8000777900048325,0.7798984612774693,0.6921125481294542,0.792036289115113,795.4695060253143,2545.0625
-1.5,1.6,-4.5,1,40,SVC,42,4,89,0.7593252808294336,0.7462135528003486,0.6673893813356574,0.7539598031177716,788.2433676719666,2770.96484375
0.0,1.8,-4.5,1,40,SVC,42,4,89,0.7920768457360609,0.748043714050876,0.6642728016217975,0.7785117442854839,793.036874294281,2875.125
-0.25,1.9,-4.5,1,40,SVC,42,4,89,0.8104728852542574,0.776212716972907,0.6846136684232718,0.8077644259669992,797.7515411376953,2979.7421875
-0.5,2.0,-4.5,1,40,SVC,42,4,89,0.8325193590880349,0.7922350732180568,0.7015563931793338,0.8282992050351099,805.2829127311707,3048.0234375
-0.75,2.1,-4.5,1,40,SVC,42,4,89,0.843584253560796,0.8037287637594224,0.7148707427204091,0.8428860914648373,811.4842367172241,3158.09375
-1.0,2.2,-4.5,1,40,SVC,42,4,89,0.846553101312981,0.8077651846127394,0.7089787932013303,0.8392756988059817,864.5220909118652,3173.1328125
-1.25,2.3,-4.5,1,40,SVC,42,4,89,0.8291306585296323,0.7980460841929657,0.6927935490897665,0.8257568302487328,846.8636231422424,3248.15625
-1.5,2.4,-4.5,1,40,SVC,42,4,89,0.8101665582789944,0.7833102687495033,0.6862546143961168,0.8068458601852753,825.03972697258,3410.5859375
0.0,1.5,-5.0,1,40,SVC,42,4,89,0.8042350934951645,0.7753926472684219,0.6862281217400412,0.8064690332768631,778.4296703338623,2749.6015625
-0.25,1.6,-5.0,1,40,SVC,42,4,89,0.8213544395363602,0.7972436706961753,0.7043290491043195,0.8278714985835608,791.0480351448059,2716.359375
-0.5,1.7,-5.0,1,40,SVC,42,4,89,0.8354064514177206,0.8116432634819599,0.7080125027476529,0.8375335893665556,785.2881021499634,2764.78515625
-0.75,1.8,-5.0,1,40,SVC,42,4,89,0.8445014992175103,0.8211968917850967,0.71280397181651,0.8482120814018679,847.3518435955048,2752.015625
-1.0,1.9,-5.0,1,40,SVC,42,4,89,0.8456011525841662,0.8220196808537394,0.7064024389578826,0.8390580325810448,808.7731559276581,2838.77734375
-1.25,2.0,-5.0,1,40,SVC,42,4,89,0.8299252372263656,0.8079225353465017,0.6999576958607623,0.8260120298934084,810.332337141037,3084.29296875
-1.5,2.1,-5.0,1,40,SVC,42,4,89,0.807494936812243,0.7831553266802995,0.6896224185434522,0.797761045227325,831.7497038841248,3171.171875
0.0,2.3,-5.0,1,40,SVC,42,4,89,0.7434235942229057,0.7083716287112642,0.6284206795155032,0.7307574817467744,824.3521900177002,3301.625
-0.25,2.4,-5.0,1,40,SVC,42,4,89,0.7785154846498002,0.7362251376512646,0.6488365997188175,0.7666089473829123,821.4476580619812,3378.90234375
-0.5,2.5,-5.0,1,40,SVC,42,4,89,0.8010843254042556,0.766823961792265,0.6638688151496235,0.796878638787373,843.0605578422546,3631.23046875
-0.75,1.5,-5.5,1,40,SVC,42,4,89,0.8450106061171196,0.8186177160752388,0.7224472578066237,0.838735884404268,837.5930259227753,2548.97265625
-1.0,1.6,-5.5,1,40,SVC,42,4,89,0.8390288971809037,0.8119748611227416,0.7108374063675473,0.8348216989977351,772.2731230258942,2925.14453125
-1.25,1.7,-5.5,1,40,SVC,42,4,89,0.8152660012212445,0.8024072104081986,0.6992039350523109,0.8157540308379493,797.0238244533539,2786.74609375
-1.5,1.8,-5.5,1,40,SVC,42,4,89,0.780423371332404,0.778598289453074,0.6782622332415829,0.7806948443673883,826.3599627017975,2662.8359375
0.0,2.0,-5.5,1,40,SVC,42,4,89,0.7724535708694813,0.7448103906908177,0.6597700336547884,0.7664920169730791,790.9835722446442,3018.37890625
-0.25,2.1,-5.5,1,40,SVC,42,4,89,0.803491356873828,0.7724848110358573,0.6767208649663337,0.8000648711300582,822.4761755466461,3155.94921875
-0.5,2.2,-5.5,1,40,SVC,42,4,89,0.8262837384731642,0.7982168404378447,0.6966325922957499,0.8232431687582679,864.2116038799286,3219.31640625
-0.75,2.3,-5.5,1,40,SVC,42,4,89,0.8404357975330752,0.8148906393034434,0.7095815153140691,0.8411453271421296,821.7049705982208,3410.796875
-1.0,2.4,-5.5,1,40,SVC,42,4,89,0.8470218785069384,0.8153862610823299,0.7096132977344833,0.8447273390450734,818.8577628135681,3461.0390625
-1.25,2.5,-5.5,1,40,SVC,42,4,89,0.8403482051869833,0.8129358902735484,0.7093809202141036,0.8357439973291753,835.0065486431122,3670.140625
-1.5,1.5,-6.0,1,40,SVC,42,4,89,0.7672934235199522,0.753159401631455,0.6797740149143604,0.7632941153658934,818.2960324287415,2615.87109375
0.0,1.7,-6.0,1,40,SVC,42,4,89,0.7945982954387286,0.7726515224722613,0.6835796401844964,0.7897988903457769,801.2845134735107,2890.3125
-0.25,1.8,-6.0,1,40,SVC,42,4,89,0.8266119681353723,0.8032545665730971,0.7075978451546696,0.8218817407388765,835.558464050293,2900.65234375
-0.5,1.9,-6.0,1,40,SVC,42,4,89,0.84075627067979,0.8191311936206602,0.7185520902829609,0.8339564527911127,789.1303839683533,3009.34375
-0.75,2.0,-6.0,1,40,SVC,42,4,89,0.853555795527044,0.829328706811516,0.7232843552192976,0.848219507815272,826.4733784198761,2892.2421875
-1.0,2.1,-6.0,1,40,SVC,42,4,89,0.8582046659188322,0.8272267204344085,0.7179726759505959,0.8500078121782138,805.3319659233093,3093.08984375
-1.25,2.2,-6.0,1,40,SVC,42,4,89,0.8429937252529353,0.8228574735084624,0.7139810211437491,0.8381437931285565,844.8988521099091,3252.27734375
-1.5,2.3,-6.0,1,40,SVC,42,4,89,0.8224469312196726,0.8055172949627423,0.6949083917799094,0.8187598717403264,835.4373395442963,3392.01953125
0.0,2.5,-6.0,1,40,SVC,42,4,89,0.7291030568470023,0.7056165463797892,0.6296200560508503,0.7144000809253872,873.5208988189697,3585.0625
-0.25,1.5,-6.5,1,40,SVC,42,4,89,0.8210440253512329,0.8020407856642102,0.7150179955235796,0.8209340187510923,764.855409860611,2789.76953125
-0.5,1.6,-6.5,1,40,SVC,42,4,89,0.8420674368618047,0.8161393067355028,0.721890232711156,0.8330741764401285,783.0562434196472,2762.97265625
-0.75,1.7,-6.5,1,40,SVC,42,4,89,0.8468288918612086,0.8208525993134821,0.720307069823096,0.8386147139118374,813.6160805225372,2618.37109375
-1.0,1.8,-6.5,1,40,SVC,42,4,89,0.8426331658902156,0.8200356835082314,0.7260203229017057,0.8371211602689327,802.1698040962219,2717.10546875
-1.25,1.9,-6.5,1,40,SVC,42,4,89,0.8308656380696242,0.808346674433569,0.715052494171671,0.8250130665567853,811.020204782486,2974.09765625
-1.5,2.0,-6.5,1,40,SVC,42,4,89,0.8106111855975701,0.7851548749469636,0.6985462468141466,0.7977079432792121,806.967836856842,2880.4609375
0.0,2.2,-6.5,1,40,SVC,42,4,89,0.7375827269474381,0.7255894195738719,0.6473408729931585,0.730497923644327,810.393392086029,3313.3828125
-0.25,2.3,-6.5,1,40,SVC,42,4,89,0.7800090616637718,0.7592926937146207,0.6675846448999696,0.7644137696166567,836.6478688716888,3392.4921875
-0.5,2.4,-6.5,1,40,SVC,42,4,89,0.8051837900702509,0.7873179074276072,0.6854944334771333,0.7962552203302735,853.7889063358307,3445.0
-0.75,2.5,-6.5,1,40,SVC,42,4,89,0.8287826399813482,0.8072497533426699,0.6969164722025721,0.8252957685798714,828.9816958904266,3446.02734375
-1.0,1.5,-7.0,1,40,SVC,42,4,89,0.8084819113792603,0.7919589023697415,0.7112782361627618,0.809816356353227,797.3278992176056,2917.3125
-1.25,1.6,-7.0,1,40,SVC,42,4,89,0.7955274483883578,0.7831803526765583,0.6988417210880769,0.791726113276721,794.8321471214294,2574.3671875
-1.5,1.7,-7.0,1,40,SVC,42,4,89,0.761044196911236,0.755604170149609,0.6848242714484024,0.762583274524284,773.4871606826782,3027.75390625
0.0,1.9,-7.0,1,40,SVC,42,4,89,0.7503596315171526,0.7378345026190563,0.6676473806817846,0.746040618706959,805.7802736759186,2859.62890625
-0.25,2.0,-7.0,1,40,SVC,42,4,89,0.7803931044373742,0.7665483188268549,0.6851133618905112,0.7754207240403674,832.9260764122009,2968.86328125
-0.5,2.1,-7.0,1,40,SVC,42,4,89,0.8083571093121551,0.7929803453300025,0.698266573590645,0.8066544370045691,808.7366621494293,2956.58203125
-0.75,2.2,-7.0,1,40,SVC,42,4,89,0.830944797657037,0.8127677431429843,0.7107915758178203,0.8237068443724531,835.1223800182343,3319.63671875
-1.0,2.3,-7.0,1,40,SVC,42,4,89,0.8340526931430052,0.8186136163330238,0.7189385372888482,0.8298593891639584,833.3081378936768,3341.48046875
-1.25,2.4,-7.0,1,40,SVC,42,4,89,0.8341878094285804,0.8164952631877282,0.7173835477555474,0.8217520821014299,764.7784209251404,3554.4765625
-1.5,2.5,-7.0,1,40,SVC,42,4,89,0.8170988177742504,0.802373370161584,0.6997990499825122,0.8044675486195187,754.5174973011017,3568.5703125
-0.75,1.5,-4.0,1,40,SVC,42,4,89,0.839403887024807,0.8106763773369676,0.7168628667993368,0.8277314180893397,1093.426169872284,2550.06640625
-1.0,1.6,-4.0,1,40,SVC,42,4,89,0.8314960182557405,0.802250531590325,0.7052796514860893,0.8232495949706777,1104.895780801773,2523.12890625
-1.25,1.7,-4.0,1,40,SVC,42,4,89,0.8116077868644512,0.7879960479101055,0.6846054513197066,0.8031143077423957,1093.3421926498413,2603.36328125
-1.5,1.8,-4.0,1,40,SVC,42,4,89,0.7755068526854344,0.758353438341194,0.6746285221402541,0.770525683247332,1119.9424357414246,2779.34765625
0.0,2.0,-4.0,1,40,SVC,42,4,89,0.7600184563991209,0.7303941907179228,0.6424729458624236,0.7564559238871111,1108.216236591339,2857.26953125
-0.25,2.1,-4.0,1,40,SVC,42,4,89,0.791858208990181,0.7548339899945992,0.6598040738848981,0.7854938530012604,1121.1806137561798,2975.41796875
-0.5,2.2,-4.0,1,40,SVC,42,4,89,0.8107439667613852,0.7807314893017918,0.6754889007885362,0.8095844278787813,1123.0350608825684,3148.24609375
-0.75,2.3,-4.0,1,40,SVC,42,4,89,0.832256598951106,0.7956181374406137,0.6846457774613006,0.8309466040160425,1148.666771888733,3332.26171875
-1.0,2.4,-4.0,1,40,SVC,42,4,89,0.8380559815338112,0.8040332888898206,0.6863164415818588,0.8313538283461255,1151.12153339386,3419.65625
-1.25,2.5,-4.0,1,40,SVC,42,4,89,0.8274450502159667,0.7994933021022715,0.6909236675161564,0.8241028088453146,1136.4578437805176,3492.09765625
-1.5,1.5,-4.5,1,40,SVC,42,4,89,0.7541831406945181,0.7387678190809795,0.6606990261488334,0.7431964918408752,1087.2173008918762,2514.08984375
0.0,1.7,-4.5,1,40,SVC,42,4,89,0.7907443987384477,0.7564473137610546,0.6698834855722703,0.7848170839690324,1106.179446220398,2710.75390625
-0.25,1.8,-4.5,1,40,SVC,42,4,89,0.8208589557273409,0.7807369827459212,0.6944689687500478,0.8105465680835827,1103.2333099842072,2750.4921875
-0.5,1.9,-4.5,1,40,SVC,42,4,89,0.8323968169243319,0.7990436326358412,0.7100507045857329,0.8326083787453674,1094.442984342575,2825.0234375
-0.75,2.0,-4.5,1,40,SVC,42,4,89,0.846671088341141,0.8116537596631852,0.7149542585668236,0.8419537676799547,1111.1397631168363,3136.1640625
-1.0,2.1,-4.5,1,40,SVC,42,4,89,0.8479416349366318,0.8067882184633205,0.7099328900833849,0.8434880609917772,1124.4401409626007,3135.97265625
-1.25,2.2,-4.5,1,40,SVC,42,4,89,0.829931801966858,0.7985377451662916,0.6935814021170945,0.8215292555584573,1108.8774771690369,3273.56640625
-1.5,2.3,-4.5,1,40,SVC,42,4,89,0.8052681132198886,0.7800637080797137,0.6835369507384225,0.8053188605361538,1131.3387854099274,3284.11328125
0.0,2.5,-4.5,1,40,SVC,42,4,89,0.7148598461022205,0.6866844195117775,0.6137330540773406,0.7107965429925387,1134.5450160503387,3572.30078125
-0.25,1.5,-5.0,1,40,SVC,42,4,89,0.8271714259944163,0.8071171157744881,0.705133213919154,0.8303850877789667,1058.775161266327,2428.078125
-0.5,1.6,-5.0,1,40,SVC,42,4,89,0.8352129345181529,0.8140768594456295,0.7088958091963149,0.8405574667954459,1102.7568488121033,2548.27734375
-0.75,1.7,-5.0,1,40,SVC,42,4,89,0.8459386490743223,0.8156920614317626,0.7097927118165368,0.8430357801581901,1077.0122010707855,3002.1796875
-1.0,1.8,-5.0,1,40,SVC,42,4,89,0.8417373099044645,0.8158598479946678,0.7115494278828525,0.8360492963044772,1119.888767004013,2773.296875
-1.25,1.9,-5.0,1,40,SVC,42,4,89,0.8289714171836187,0.8033844066779978,0.6932831388400394,0.8218730637956553,1096.8531465530396,3063.26953125
-1.5,2.0,-5.0,1,40,SVC,42,4,89,0.8043142358898991,0.7828264440568824,0.6899757124371169,0.7984029747800299,1088.4429590702057,3034.7890625
0.0,2.2,-5.0,1,40,SVC,42,4,89,0.7543089925046351,0.7171213086886159,0.637713345213615,0.7408429850510743,1130.9580569267273,3327.92578125
-0.25,2.3,-5.0,1,40,SVC,42,4,89,0.7856246527731348,0.7494942612157642,0.6540716135538162,0.7749023023775281,1151.6259489059448,3223.09765625
-0.5,2.4,-5.0,1,40,SVC,42,4,89,0.814609026754919,0.7775070233496446,0.6719883611751849,0.8017521517148168,1136.8956518173218,3433.56640625
-0.75,2.5,-5.0,1,40,SVC,42,4,89,0.8335351139068872,0.7948232489480634,0.6945474429025225,0.8313595277434969,1136.7045872211456,3578.11328125
-1.0,1.5,-5.5,1,40,SVC,42,4,89,0.8295344883020915,0.8053364102703284,0.7072378419255558,0.8294748735282729,1101.5403447151184,2659.4296875
-1.25,1.6,-5.5,1,40,SVC,42,4,89,0.8060482594716999,0.7975385450948822,0.6925036789615284,0.8098572813286703,1060.3816373348236,2539.01171875
-1.5,1.7,-5.5,1,40,SVC,42,4,89,0.7761450689491138,0.7667807608436954,0.6740526293093969,0.7759274420055278,1083.2362368106842,3046.6875
0.0,1.9,-5.5,1,40,SVC,42,4,89,0.7800815183942276,0.7582508823623366,0.658671661635174,0.7744962389387883,1106.2822525501251,2858.10546875
-0.25,2.0,-5.5,1,40,SVC,42,4,89,0.8129146093133132,0.7822009571061997,0.6835920618922509,0.8130752594626074,1137.8015427589417,3075.67578125
-0.5,2.1,-5.5,1,40,SVC,42,4,89,0.8315582990862909,0.798860540898912,0.6998678301652147,0.8280175545193341,1134.442700624466,3124.34765625
-0.75,2.2,-5.5,1,40,SVC,42,4,89,0.8426021686927379,0.8192649683343547,0.7116832893958561,0.8417555701037179,1114.0315418243408,3241.25390625
-1.0,2.3,-5.5,1,40,SVC,42,4,89,0.8536371938376137,0.8202320639896608,0.7177723739212715,0.8465933067910172,1128.0865559577942,3324.0234375
-1.25,2.4,-5.5,1,40,SVC,42,4,89,0.8433591358876718,0.815856505740444,0.7085332984910525,0.834432450522131,1116.918489933014,3543.3203125
-1.5,2.5,-5.5,1,40,SVC,42,4,89,0.8259702213156759,0.7991764082371831,0.6934496620118736,0.8135173898010248,1145.7825663089752,3637.140625
0.0,1.6,-6.0,1,40,SVC,42,4,89,0.804124462625371,0.7794441319372722,0.6898975059853821,0.797339830668494,1111.0190014839172,2698.41015625
-0.25,1.7,-6.0,1,40,SVC,42,4,89,0.8299750278728097,0.8071437396283005,0.7118359342855488,0.8267636256505726,1108.5797109603882,2636.28125
-0.5,1.8,-6.0,1,40,SVC,42,4,89,0.8436985223912241,0.8231801879805072,0.7254623722555305,0.8384874455095241,1094.4723725318909,3212.11328125
-0.75,1.9,-6.0,1,40,SVC,42,4,89,0.8559981151040488,0.8291663691639646,0.7258032649668935,0.8509852943338588,1081.3082127571106,2965.953125
-1.0,2.0,-6.0,1,40,SVC,42,4,89,0.8527043591596251,0.8239822445872484,0.7230385469402257,0.8475483204096284,1109.4702970981598,3076.09765625
-1.25,2.1,-6.0,1,40,SVC,42,4,89,0.8433063994757662,0.8196056488059074,0.7108006731926333,0.838533702587607,1124.5625507831571,3144.83984375
-1.5,2.2,-6.0,1,40,SVC,42,4,89,0.8192104519533772,0.8019542260194217,0.69009676229253,0.8128855567467401,1138.498723745346,3067.5546875
0.0,2.4,-6.0,1,40,SVC,42,4,89,0.7381583158908289,0.7103038189891372,0.6321741995232623,0.7264966194033058,1154.4501614570618,3401.921875
-0.25,2.5,-6.0,1,40,SVC,42,4,89,0.777149383143642,0.7451410692297362,0.6539065222663012,0.7622918755682446,1161.5092644691467,3647.75
-0.5,1.5,-6.5,1,40,SVC,42,4,89,0.8406964367428669,0.81614327681197,0.7198660878004132,0.8292379156193757,1063.2899034023285,2959.92578125
-0.75,1.6,-6.5,1,40,SVC,42,4,89,0.8499964181075134,0.8219654288636226,0.7266035259526477,0.8377030687874676,1065.7945022583008,3006.73046875
-1.0,1.7,-6.5,1,40,SVC,42,4,89,0.841672084198982,0.8146830987271164,0.7202238749710708,0.8330980088644316,1087.865967750549,3096.3984375
-1.25,1.8,-6.5,1,40,SVC,42,4,89,0.829941515839927,0.802176103063783,0.7066876709865412,0.8191856732149939,1097.0481922626495,2915.06640625
-1.5,1.9,-6.5,1,40,SVC,42,4,89,0.8026219162652535,0.7793100212901163,0.6950548404209225,0.7922962663153144,1125.1958281993866,2995.08203125
0.0,2.1,-6.5,1,40,SVC,42,4,89,0.746850893100349,0.7320699397903715,0.652169753344722,0.7400271792597773,1152.065745830536,3197.1875
-0.25,2.2,-6.5,1,40,SVC,42,4,89,0.7865503662609202,0.7675564627153257,0.6739640493656796,0.7789507086424461,1097.9248054027555,3235.828125
-0.5,2.3,-6.5,1,40,SVC,42,4,89,0.812581808108713,0.798018822303937,0.6935337583783536,0.8066012273057557,1122.6228942871094,3388.9765625
-0.75,2.4,-6.5,1,40,SVC,42,4,89,0.8354839894560502,0.8135730171149123,0.7063208406656467,0.8285575277850705,1143.9668350219729,3451.12890625
-1.0,2.5,-6.5,1,40,SVC,42,4,89,0.8429864722323894,0.8164965848156682,0.7124513454188102,0.8387271915303183,1139.1381187438965,3536.41796875
-1.25,1.5,-7.0,1,40,SVC,42,4,89,0.7824019098138232,0.7700436419880086,0.6917397065295174,0.7765625073014515,1095.4304666519165,2447.5
-1.5,1.6,-7.0,1,40,SVC,42,4,89,0.752652500081882,0.7487825635146497,0.6793233324294595,0.7477455273137246,1115.8416576385498,2711.03125
0.0,1.8,-7.0,1,40,SVC,42,4,89,0.7566393615277698,0.7422132836728469,0.6709562473675299,0.753395689659796,1078.9156227111816,3139.99609375
-0.25,1.9,-7.0,1,40,SVC,42,4,89,0.7860170421195456,0.7702632128572845,0.6956426766219983,0.7868255039787302,1081.4356603622437,3163.70703125
-0.5,2.0,-7.0,1,40,SVC,42,4,89,0.8132768501591161,0.7980040120545258,0.7097436672028729,0.8101657970075926,1103.506661653519,3121.2421875
-0.75,2.1,-7.0,1,40,SVC,42,4,89,0.831331890380169,0.816169678341999,0.7174351052696596,0.8241041867103533,1117.243539094925,3157.94140625
-1.0,2.2,-7.0,1,40,SVC,42,4,89,0.834871554245733,0.8153663873041394,0.71825752002601,0.8310299030614696,1137.6606469154358,3243.828125
-1.25,2.3,-7.0,1,40,SVC,42,4,89,0.8286425403818629,0.8127462807207222,0.7151405662653086,0.82513291193071,1152.5814418792725,3390.6171875
-1.5,2.4,-7.0,1,40,SVC,42,4,89,0.8135068119675846,0.8015585186183507,0.6992483470452378,0.8048209629449781,1009.3198356628418,3525.1875
-1.0,1.5,-4.0,1,40,SVC,42,4,89,0.8276070295345856,0.7982048838231033,0.7035624406975143,0.8240605752812358,1135.312293291092,2544.48046875
-1.25,1.6,-4.0,1,40,SVC,42,4,89,0.8084360813314395,0.7853990810382501,0.6881516840810502,0.8028098504355321,1137.4772243499756,2525.0546875
-1.5,1.7,-4.0,1,40,SVC,42,4,89,0.7705422021363711,0.7507533528106172,0.6736863002156246,0.7602263582809232,1156.5890102386477,2637.57421875
0.0,1.9,-4.0,1,40,SVC,42,4,89,0.7681850875145217,0.7346082533801224,0.648655722694834,0.7656092548600693,1157.0750789642334,2788.140625
-0.25,2.0,-4.0,1,40,SVC,42,4,89,0.8004586984201367,0.7632562611765399,0.6677016490161061,0.7940743656129787,1158.1982698440552,2885.0703125
-0.5,2.1,-4.0,1,40,SVC,42,4,89,0.8245659994240302,0.7905955251920762,0.6776855959763719,0.8203498475544766,1161.4262175559998,2974.0546875
-0.75,2.2,-4.0,1,40,SVC,42,4,89,0.8316346881977672,0.8019361044205103,0.6951595794056709,0.8323874692138478,1165.0986998081207,3184.5859375
-1.0,2.3,-4.0,1,40,SVC,42,4,89,0.8380960647589957,0.8017624435430502,0.691493387332059,0.8341287546734142,1133.9483978748322,3321.0859375
-1.25,2.4,-4.0,1,40,SVC,42,4,89,0.8279588603252319,0.800944280131928,0.6903021601340623,0.826020147427463,1156.5947387218475,3410.953125
-1.5,2.5,-4.0,1,40,SVC,42,4,89,0.808025072860461,0.7863793654785085,0.6838880448930496,0.7970389147582,1142.760116815567,3413.3203125
0.0,1.6,-4.5,1,40,SVC,42,4,89,0.7991210783194734,0.759854134270838,0.6749976206439154,0.7879702762223539,1083.4938294887545,2688.76953125
-0.25,1.7,-4.5,1,40,SVC,42,4,89,0.8221255951348837,0.7857612783832367,0.6951444937337323,0.8098072876123799,1079.110075712204,2764.93359375
-0.5,1.8,-4.5,1,40,SVC,42,4,89,0.8372658897193646,0.8022666839747301,0.7174486651876437,0.8349526484114771,1086.33536028862,2825.625
-0.75,1.9,-4.5,1,40,SVC,42,4,89,0.8510479091675763,0.8132756510183268,0.7142845072704848,0.8451160670846499,1100.5413272380829,2970.92578125
-1.0,2.0,-4.5,1,40,SVC,42,4,89,0.8483577414344197,0.8116564697226393,0.7091796383964668,0.8378807287730051,1103.9184386730194,3144.0390625
-1.25,2.1,-4.5,1,40,SVC,42,4,89,0.825159902642008,0.7995025295935082,0.6994885093680279,0.824362482948378,1110.1200420856476,3091.015625
-1.5,2.2,-4.5,1,40,SVC,42,4,89,0.8025153460120594,0.7747220961699632,0.6829359010543272,0.7987485267477168,1132.1115930080414,3210.1171875
0.0,2.4,-4.5,1,40,SVC,42,4,89,0.7230791460835346,0.6905687763794148,0.6173780620338438,0.7160443289936054,1157.6125223636627,3437.5390625
-0.25,2.5,-4.5,1,40,SVC,42,4,89,0.7609085250345974,0.7247253583186739,0.6386070183759035,0.7523044540810649,1118.6130528450012,3578.59375
-0.5,1.5,-5.0,1,40,SVC,42,4,89,0.8406248915908108,0.8148981990704547,0.7101120933551617,0.8403836114993685,1076.1042082309723,2692.3359375
-0.75,1.6,-5.0,1,40,SVC,42,4,89,0.8448244535427063,0.815052158541282,0.7130650470519342,0.835486738803,1074.3317716121674,2646.0
-1.0,1.7,-5.0,1,40,SVC,42,4,89,0.8421756265246758,0.807272718374033,0.7109656426714854,0.8354736306054323,1079.5242948532104,2970.75
-1.25,1.8,-5.0,1,40,SVC,42,4,89,0.8286602676748414,0.8009554233096969,0.6890130112956994,0.8171141928577013,1103.1741671562197,2682.9140625
-1.5,1.9,-5.0,1,40,SVC,42,4,89,0.7950396434300533,0.7765007234644865,0.6818085918879936,0.7885507831093004,1144.5809972286224,2894.1875
0.0,2.1,-5.0,1,40,SVC,42,4,89,0.7632166866763725,0.7263483394599448,0.6485337426413262,0.7531336007557903,1139.7389039993286,3207.9921875
-0.25,2.2,-5.0,1,40,SVC,42,4,89,0.7931212584689364,0.7611536621235635,0.6596909735085273,0.7870720352040452,1103.4634737968445,3261.2578125
-0.5,2.3,-5.0,1,40,SVC,42,4,89,0.8197079069162791,0.7859204827204365,0.6807682040823948,0.8163056217034586,1136.9902780056,3351.43359375
-0.75,2.4,-5.0,1,40,SVC,42,4,89,0.8425223010261182,0.8024376153119404,0.6993824145077154,0.8303170929225174,1131.1419978141785,3500.66796875
-1.0,2.5,-5.0,1,40,SVC,42,4,89,0.8456366546055136,0.8084158030090611,0.7030740283702621,0.8388013019767419,1137.3885016441343,3485.16796875
-1.25,1.5,-5.5,1,40,SVC,42,4,89,0.7958642178556634,0.7850790205877806,0.694291641834178,0.7932347484479999,1104.5045702457428,2764.203125
-1.5,1.6,-5.5,1,40,SVC,42,4,89,0.7678963128912262,0.7594925529500368,0.6673577812889493,0.762215157990418,1078.3201282024384,2964.53125
0.0,1.8,-5.5,1,40,SVC,42,4,89,0.7879836798382404,0.7593769652541096,0.6634095198329277,0.7855012374654416,1102.122577905655,2833.09375
-0.25,1.9,-5.5,1,40,SVC,42,4,89,0.8199397480089861,0.7855981007094757,0.6909372368949,0.8138183291338017,1092.6324858665466,2959.76953125
-0.5,2.0,-5.5,1,40,SVC,42,4,89,0.8374320367597581,0.811172403520031,0.7055335929831514,0.8397916800989107,1117.57333445549,3090.67578125
-0.75,2.1,-5.5,1,40,SVC,42,4,89,0.8459066036497549,0.820892133880857,0.7177206658178742,0.8481344426220038,1109.124746799469,3070.4296875
-1.0,2.2,-5.5,1,40,SVC,42,4,89,0.8506011319344337,0.8221771763142042,0.7154524040105645,0.8444452751808017,1154.981044769287,3234.3515625
-1.25,2.3,-5.5,1,40,SVC,42,4,89,0.8438259994351482,0.8132559410231922,0.7048373766324774,0.8320539251554147,1108.9758968353271,3331.19140625
-1.5,2.4,-5.5,1,40,SVC,42,4,89,0.8221398634487376,0.7965957760111326,0.6972700428186807,0.8103790512088229,1136.1982691287994,3481.98046875
0.0,1.5,-6.0,1,40,SVC,42,4,89,0.8152177691085372,0.7873848510421028,0.7032284971765187,0.8083407014216106,1065.1110632419586,2491.80859375
-0.25,1.6,-6.0,1,40,SVC,42,4,89,0.828436957086833,0.8092409382274004,0.7153883084721024,0.8295561528385769,1082.1265799999237,2890.68359375
-0.5,1.7,-6.0,1,40,SVC,42,4,89,0.8451390508196257,0.8262587766042269,0.7224994451910969,0.8433827332012951,1085.4328017234802,2632.8828125
-0.75,1.8,-6.0,1,40,SVC,42,4,89,0.8526560527594453,0.829972164639773,0.7263073858267587,0.8489608589516695,1109.303614616394,2875.28515625
-1.0,1.9,-6.0,1,40,SVC,42,4,89,0.8491973374120896,0.8251135809334247,0.7237878215364419,0.844802210012098,1093.883395195007,2998.05078125
-1.25,2.0,-6.0,1,40,SVC,42,4,89,0.8360517907429392,0.8111707746206398,0.709620273183132,0.8341352783436243,1098.2218117713928,3037.9140625
-1.5,2.1,-6.0,1,40,SVC,42,4,89,0.8120669415392382,0.7980554021560284,0.6894337516113216,0.8114102289708083,1112.5778267383575,3248.0390625
0.0,2.3,-6.0,1,40,SVC,42,4,89,0.746023262180723,0.7224640703131235,0.6373324222051308,0.7348745251631517,1141.6566524505615,3411.87109375
-0.25,2.4,-6.0,1,40,SVC,42,4,89,0.7787418832124344,0.7524397891597937,0.6607398743280452,0.7692799461257812,1142.0218958854675,3432.078125
-0.5,2.5,-6.0,1,40,SVC,42,4,89,0.8061022646262772,0.7844912999330297,0.6857201474431589,0.8035334015270061,1159.8326518535614,3574.96875
-0.75,1.5,-6.5,1,40,SVC,42,4,89,0.8422105368878985,0.8182413177295428,0.7290747054723412,0.8348017521959112,1057.2355754375458,2969.41015625
-1.0,1.6,-6.5,1,40,SVC,42,4,89,0.8379189221519601,0.8109534933637074,0.7102770511693535,0.8303842109255408,1069.495778799057,2600.328125
-1.25,1.7,-6.5,1,40,SVC,42,4,89,0.81727833674391,0.7939047568092547,0.7007127333776988,0.8107766319103358,1078.3830516338348,2859.94921875
-1.5,1.8,-6.5,1,40,SVC,42,4,89,0.7916522067198345,0.7721832400889983,0.6932193002309588,0.7851308730021014,1096.13738822937,2922.0390625
0.0,2.0,-6.5,1,40,SVC,42,4,89,0.7576065953445321,0.7425978816939862,0.6612402288202244,0.7502407146636867,1139.8321268558502,2967.609375
-0.25,2.1,-6.5,1,40,SVC,42,4,89,0.7911887258626454,0.7737087269426504,0.678987710303117,0.7855609084632174,1137.1578261852264,3154.3359375
-0.5,2.2,-6.5,1,40,SVC,42,4,89,0.8219244309219398,0.8028835902379523,0.705260044269068,0.8160989259964504,1106.9784824848175,3309.69921875
-0.75,2.3,-6.5,1,40,SVC,42,4,89,0.8410900189989028,0.8185947947880114,0.7108695966527213,0.8325094379895585,1123.8394436836245,3395.59765625
-1.0,2.4,-6.5,1,40,SVC,42,4,89,0.8455854496522576,0.8210384992491114,0.7145290252075913,0.8406844387366296,1135.6714572906494,3466.140625
-1.25,2.5,-6.5,1,40,SVC,42,4,89,0.8451708475990658,0.8189018727161602,0.7135039132307728,0.8332887899041712,1128.9672911167145,3620.6796875
-1.5,1.5,-7.0,1,40,SVC,42,4,89,0.743677848319055,0.7369580313706205,0.6710549643711143,0.7370208822776685,1096.55158162117,2611.4375
0.0,1.7,-7.0,1,40,SVC,42,4,89,0.7622978064101903,0.7481994765071261,0.6740709761992121,0.7572566022012668,1113.9316065311432,2861.7421875
-0.25,1.8,-7.0,1,40,SVC,42,4,89,0.79458772032758,0.7786817556421752,0.7004845906228989,0.7958724734316192,1086.2923550605774,2961.734375
-0.5,1.9,-7.0,1,40,SVC,42,4,89,0.8130070744948572,0.8025351998807018,0.7157763145558913,0.8184875587660978,1086.4508373737335,2949.21875
-0.75,2.0,-7.0,1,40,SVC,42,4,89,0.8259090894009621,0.8142196996697335,0.7190330417854435,0.8210340563689493,1107.7284021377563,3112.58984375
-1.0,2.1,-7.0,1,40,SVC,42,4,89,0.8364884088579172,0.8124476575286792,0.7161224122178573,0.8288307575862365,1111.4330096244812,3187.9375
-1.25,2.2,-7.0,1,40,SVC,42,4,89,0.8230897693759487,0.8119341822652806,0.7098913994727853,0.8175573774910226,1134.3192517757416,3280.734375
-1.5,2.3,-7.0,1,40,SVC,42,4,89,0.8100312849324565,0.7979927226175867,0.6983246676290338,0.7985845092067949,1133.460505247116,3393.7265625
0.0,2.5,-7.0,1,40,SVC,42,4,89,0.697599468833493,0.6897295603144674,0.6206311577094561,0.6885789207049133,1007.7892847061156,3581.375
-1.25,1.5,-4.0,1,40,SVC,42,4,89,0.7978775493507513,0.7807059471978677,0.6838725375086742,0.7887202461748665,1134.805392742157,2547.08203125
-1.5,1.6,-4.0,1,40,SVC,42,4,89,0.7631766726952303,0.744125399310767,0.6673824522031948,0.749689589067464,1145.0534627437592,2520.14453125
0.0,1.8,-4.0,1,40,SVC,42,4,89,0.778581670646093,0.7407668108893525,0.654584711462223,0.7736637643084647,1164.5358908176422,2773.12890625
-0.25,1.9,-4.0,1,40,SVC,42,4,89,0.8036586426447909,0.7710151310256628,0.670730230393157,0.8026024192759134,1151.4602825641632,2904.71875
-0.5,2.0,-4.0,1,40,SVC,42,4,89,0.8299044043244849,0.7959359041265104,0.6918538166538198,0.8244358045489397,1165.7326757907867,2853.125
-0.75,2.1,-4.0,1,40,SVC,42,4,89,0.8415264373618253,0.8072745938640158,0.7028624489463683,0.8344018436914487,1165.5455813407898,3065.82421875
-1.0,2.2,-4.0,1,40,SVC,42,4,89,0.8383274898112412,0.8072689338274265,0.6967942462493739,0.8325488661765938,1150.8126487731934,3178.97265625
-1.25,2.3,-4.0,1,40,SVC,42,4,89,0.8289776986751928,0.7991635849053784,0.6908791276966252,0.8250483968524284,1128.0241248607635,3282.2265625
-1.5,2.4,-4.0,1,40,SVC,42,4,89,0.8059633891562693,0.7884796887152905,0.6806480797468153,0.7996305748376229,1148.546294927597,3378.59375
0.0,1.5,-4.5,1,40,SVC,42,4,89,0.7998478708603343,0.765849085941509,0.6762607604837098,0.7994960534811751,1099.0770955085754,2453.6640625
-0.25,1.6,-4.5,1,40,SVC,42,4,89,0.8278435635634656,0.7883406499345813,0.7051865400255053,0.8218806052369056,1098.1989011764526,2907.6640625
-0.5,1.7,-4.5,1,40,SVC,42,4,89,0.842417514424608,0.8077742031368821,0.7159521154832637,0.8391016048824778,1079.9040253162384,2753.15234375
-0.75,1.8,-4.5,1,40,SVC,42,4,89,0.8488313617734249,0.8173227699683756,0.72182890389102,0.8451423293324614,1098.895812749863,2771.0546875
-1.0,1.9,-4.5,1,40,SVC,42,4,89,0.8468647375174514,0.8071198383103158,0.7120275507956526,0.8346051597927604,1107.9538040161133,2938.31640625
-1.25,2.0,-4.5,1,40,SVC,42,4,89,0.8250537479677731,0.7943307892044,0.6956666693572031,0.8227008142069856,1131.0959341526031,3078.74609375
-1.5,2.1,-4.5,1,40,SVC,42,4,89,0.7980806977486752,0.7732638014878754,0.6869896909515649,0.7912186331135989,1101.9063467979431,3169.15234375
0.0,2.3,-4.5,1,40,SVC,42,4,89,0.7357747661105122,0.6962338187307087,0.6241921508242148,0.7242245963680636,1160.6062624454498,3272.1015625
-0.25,2.4,-4.5,1,40,SVC,42,4,89,0.765698188066116,0.7274878385232414,0.6481596865018354,0.7602979870690132,1144.7623653411863,3238.6796875
-0.5,2.5,-4.5,1,40,SVC,42,4,89,0.8006721662322573,0.7611542725412063,0.6622741221922565,0.7910754007736946,1127.234482049942,3572.703125
-0.75,1.5,-5.0,1,40,SVC,42,4,89,0.843133867598959,0.8134466078303875,0.7118439555182164,0.8383515061979974,1086.0778677463531,2553.27734375
-1.0,1.6,-5.0,1,40,SVC,42,4,89,0.834860774462028,0.8046931493595525,0.6994465104132123,0.8308241226391015,1066.3894701004028,2638.90625
-1.25,1.7,-5.0,1,40,SVC,42,4,89,0.8114088676389872,0.7946259143924047,0.6938940574072291,0.8124314484533026,1094.0282742977142,2966.828125
-1.5,1.8,-5.0,1,40,SVC,42,4,89,0.7851587619482513,0.7705107653567409,0.6794202180757613,0.7744210601933793,1094.5897662639618,2778.75
0.0,2.0,-5.0,1,40,SVC,42,4,89,0.7722508228021271,0.7386514147469029,0.6524046228818012,0.7644136354308859,1108.9387092590332,2968.6484375
-0.25,2.1,-5.0,1,40,SVC,42,4,89,0.803977651913764,0.7674674473685272,0.6720281893473989,0.7960805855891276,1097.8948118686676,3195.26171875
-0.5,2.2,-5.0,1,40,SVC,42,4,89,0.8230794608884497,0.7915775626065438,0.688271665477877,0.8209948833568732,1123.6560187339785,3197.21875
-0.75,2.3,-5.0,1,40,SVC,42,4,89,0.8441348229958947,0.8059981450885942,0.7023068206574575,0.8350136246616168,1128.9634058475494,3390.56640625
-1.0,2.4,-5.0,1,40,SVC,42,4,89,0.8505194889009406,0.8118217644851096,0.7046569962379492,0.8407616052198603,1141.1843872070312,3450.25390625
-1.25,2.5,-5.0,1,40,SVC,42,4,89,0.8468636913835677,0.8087201479628532,0.7002560369108779,0.832241488327672,1134.7666170597076,3468.63671875
-1.5,1.5,-5.5,1,40,SVC,42,4,89,0.7601008273866257,0.7486520247349675,0.6674990925665465,0.7553070513488508,1075.5571913719175,2434.546875
0.0,1.7,-5.5,1,40,SVC,42,4,89,0.7956805462961719,0.7656831960770465,0.6731094744330812,0.7936410295336105,1066.906141757965,2656.609375
-0.25,1.8,-5.5,1,40,SVC,42,4,89,0.8246774081220964,0.7909447430851091,0.6895713867597304,0.8186040690197239,1100.3005034923551,2716.56640625
-0.5,1.9,-5.5,1,40,SVC,42,4,89,0.8396709101395404,0.8144158047404344,0.7116912778041891,0.8406280041505464,1087.8496253490448,3007.44140625
-0.75,2.0,-5.5,1,40,SVC,42,4,89,0.8536284043483966,0.8239603878645754,0.7165728310472488,0.853311552392376,1126.5562779903412,3046.5625
-1.0,2.1,-5.5,1,40,SVC,42,4,89,0.8485047026131498,0.8210424911340468,0.713668084590366,0.8461737438267554,1094.23970580101,3092.21875
-1.25,2.2,-5.5,1,40,SVC,42,4,89,0.8397011165735262,0.8098657309396489,0.7077347978699087,0.8292438979934168,1112.0772716999054,3079.4765625
-1.5,2.3,-5.5,1,40,SVC,42,4,89,0.8226054911022894,0.7949753330047049,0.692432895491897,0.8107072349910237,1099.6974546909332,3289.421875
0.0,2.5,-5.5,1,40,SVC,42,4,89,0.732612759695588,0.6975501366302282,0.6246069845683256,0.7140694585305245,1135.793523788452,3530.7578125
-0.25,1.5,-6.0,1,40,SVC,42,4,89,0.8329964913982211,0.8113471309056405,0.7192421421448598,0.8284141045819186,1068.325763463974,3048.6015625
-0.5,1.6,-6.0,1,40,SVC,42,4,89,0.8445024510943351,0.8238211816764472,0.7219160762376058,0.8443065636098752,1072.870079278946,2646.0078125
-0.75,1.7,-6.0,1,40,SVC,42,4,89,0.8518086861263336,0.8283550932252158,0.7314148115263255,0.8474172222654686,1092.7260761260986,2900.33203125
-1.0,1.8,-6.0,1,40,SVC,42,4,89,0.8468949302461186,0.8241447910977104,0.7251173450024309,0.8435432430760033,1082.5705573558807,2948.50390625
-1.25,1.9,-6.0,1,40,SVC,42,4,89,0.8333648107699017,0.8098806734725488,0.7123044751863123,0.8344810827525476,1090.6542773246765,2776.98828125
-1.5,2.0,-6.0,1,40,SVC,42,4,89,0.8048810512116802,0.7931887780979896,0.6956251172472595,0.8062129184176914,1096.8632247447968,3057.77734375
0.0,2.2,-6.0,1,40,SVC,42,4,89,0.7494564070418422,0.7324990267159289,0.6471398633634515,0.7457922637774492,1121.1273910999298,3234.0234375
-0.25,2.3,-6.0,1,40,SVC,42,4,89,0.7882431793756821,0.7634498368180154,0.6690115753109719,0.7782749006608765,1143.0617480278015,3113.41015625
-0.5,2.4,-6.0,1,40,SVC,42,4,89,0.8154399397088176,0.7888649826226654,0.6842897622089077,0.8131764553951,1147.031578540802,3430.96484375
-0.75,2.5,-6.0,1,40,SVC,42,4,89,0.8351220996101119,0.8149248535483173,0.7019489274792817,0.8357519669495532,1132.8597342967987,3551.390625
-1.0,1.5,-6.5,1,40,SVC,42,4,89,0.8297402482404203,0.8047903024880816,0.7168157295315291,0.8212451271996237,1050.829532146454,2447.359375
-1.25,1.6,-6.5,1,40,SVC,42,4,89,0.8149102848962102,0.7892061549019331,0.7018098686405081,0.8063045445837272,1052.0072627067566,2879.671875
-1.5,1.7,-6.5,1,40,SVC,42,4,89,0.7808262672224437,0.7652127443828904,0.6870699487697814,0.7725592829692219,1121.5205478668213,2597.3828125
0.0,1.9,-6.5,1,40,SVC,42,4,89,0.767791110315627,0.7469625541455912,0.6663780551076149,0.7597688032445719,1102.330111503601,2843.75390625
-0.25,2.0,-6.5,1,40,SVC,42,4,89,0.8025228429493968,0.7832714475499919,0.6947218084921043,0.7981346381778067,1122.2704615592957,3083.19140625
-0.5,2.1,-6.5,1,40,SVC,42,4,89,0.8293834814746119,0.8072493317090024,0.7074931133181767,0.8206406905622802,1101.6176767349243,3152.7421875
-0.75,2.2,-6.5,1,40,SVC,42,4,89,0.8472696591566341,0.8213442314030226,0.7185326300929477,0.8376785153578883,1104.181344747543,3188.03125
-1.0,2.3,-6.5,1,40,SVC,42,4,89,0.8519986077742429,0.8241094691866844,0.7210072791825728,0.8414465730285063,1108.0044713020325,3352.546875
-1.25,2.4,-6.5,1,40,SVC,42,4,89,0.8459038102183921,0.8174458664621305,0.7189987367533315,0.8337983591277147,1153.0526359081268,3393.15625
-1.5,2.5,-6.5,1,40,SVC,42,4,89,0.8257306243856395,0.8018886136165867,0.7027443614456026,0.816564593819123,1153.512902259827,3521.63671875
0.0,1.6,-7.0,1,40,SVC,42,4,89,0.7710634824198854,0.7538666949724833,0.6841384346298458,0.7667323884958168,1076.5477776527405,3071.21484375
-0.25,1.7,-7.0,1,40,SVC,42,4,89,0.7984081227073894,0.7838759860317459,0.702667861075922,0.794257980061062,1094.577026605606,2950.52734375
-0.5,1.8,-7.0,1,40,SVC,42,4,89,0.8191562191832585,0.8047940656801209,0.7190374640730274,0.8212191467557685,1063.6250121593475,2793.05078125
-0.75,1.9,-7.0,1,40,SVC,42,4,89,0.8280202258790264,0.8127594843764715,0.7248438819656802,0.8253529742260304,1086.935304403305,2913.71484375
-1.0,2.0,-7.0,1,40,SVC,42,4,89,0.8280729656623123,0.8108210973986087,0.7208976079273708,0.8263939436793435,1093.0166902542114,3110.2734375
-1.25,2.1,-7.0,1,40,SVC,42,4,89,0.8217242927392636,0.806738226952824,0.7085343682733096,0.8199235301288756,1129.553056716919,3040.48046875
-1.5,2.2,-7.0,1,40,SVC,42,4,89,0.8034455560746407,0.7940837154744429,0.6976181510696173,0.7943248947847901,1130.465631723404,3339.74609375
0.0,2.4,-7.0,1,40,SVC,42,4,89,0.7057986010707723,0.6992928078091065,0.6254865062016378,0.6994118303052361,1134.0758821964264,3460.734375
-0.25,2.5,-7.0,1,40,SVC,42,4,89,0.7424653070134477,0.7312593882067662,0.6528691912160498,0.734425338744116,1001.499683380127,3536.0078125
-1.5,1.5,-4.0,1,40,SVC,42,4,89,0.7534670795568061,0.7344115552736659,0.6666224288306302,0.7469278639751296,1126.243349313736,2463.609375
0.0,1.7,-4.0,1,40,SVC,42,4,89,0.7888676801246379,0.7509469094581879,0.6686423828298215,0.7849959138283075,1148.3398497104645,2684.2890625
-0.25,1.8,-4.0,1,40,SVC,42,4,89,0.8142774863624489,0.7765205865352311,0.6828581755669418,0.8062748338201963,1140.8438003063202,2778.7421875
-0.5,1.9,-4.0,1,40,SVC,42,4,89,0.8324815918700816,0.7977230944685552,0.7014918894541539,0.8294816691219065,1148.7041084766388,2894.1953125
-0.75,2.0,-4.0,1,40,SVC,42,4,89,0.8457342811025151,0.8092205473289797,0.70580846425922,0.840040051204802,1149.245376586914,2883.08203125
-1.0,2.1,-4.0,1,40,SVC,42,4,89,0.8444193912090137,0.8126111909476446,0.6998065368690503,0.8389718158603056,1158.9242131710052,2940.53515625
-1.25,2.2,-4.0,1,40,SVC,42,4,89,0.8250601777202256,0.7988496076310905,0.697535789376872,0.8219234174715628,1155.991047620773,3114.41796875
-1.5,2.3,-4.0,1,40,SVC,42,4,89,0.8063033313298015,0.7852354468639556,0.6833375175361047,0.7980398982425998,1146.9854726791382,3243.6015625
0.0,2.5,-4.0,1,40,SVC,42,4,89,0.716962180303874,0.6891291330052738,0.6109323017333126,0.7045589348674156,1160.8650913238523,3443.875
-0.25,1.5,-4.5,1,40,SVC,42,4,89,0.8254522311527168,0.7933548753018071,0.7045570054118744,0.827689294044569,1108.947853565216,2729.48828125
-0.5,1.6,-4.5,1,40,SVC,42,4,89,0.8435145250102208,0.8135992757175519,0.7154848379478411,0.8351887853665749,1106.6187753677368,2689.78125
-0.75,1.7,-4.5,1,40,SVC,42,4,89,0.8503433898256305,0.8139203939497616,0.7159201128596913,0.842699879573903,1071.6579003334043,2922.21484375
-1.0,1.8,-4.5,1,40,SVC,42,4,89,0.8428586492007542,0.807920391161238,0.7092693498510495,0.8383161997217948,1068.0434818267822,2912.0390625
-1.25,1.9,-4.5,1,40,SVC,42,4,89,0.8233270582211138,0.7936770315732935,0.690503734862276,0.8182155081734112,1123.4748039245603,2832.0390625
-1.5,2.0,-4.5,1,40,SVC,42,4,89,0.7919386234363935,0.7718031586200592,0.6890924945786305,0.7904305493184066,1147.5437502861023,2985.5625
0.0,2.2,-4.5,1,40,SVC,42,4,89,0.7495318568789606,0.7064340517655392,0.633965660198448,0.7366055359083377,1176.967922925949,3105.29296875
-0.25,2.3,-4.5,1,40,SVC,42,4,89,0.7803701697545622,0.737025905904873,0.6521890258963712,0.7695001998281167,1172.6738467216492,3278.3359375
-0.5,2.4,-4.5,1,40,SVC,42,4,89,0.8114134219776179,0.7690792629859609,0.6661866945494473,0.8006697234187558,1137.626526594162,3446.96875
-0.75,2.5,-4.5,1,40,SVC,42,4,89,0.8230988242784629,0.7880274773991826,0.6818912357252535,0.8233625030357579,1118.3454682826996,3636.359375
-1.0,1.5,-5.0,1,40,SVC,42,4,89,0.8313583247328923,0.798057233398465,0.7032496179201793,0.8252202175567154,1101.827962398529,2726.515625
-1.25,1.6,-5.0,1,40,SVC,42,4,89,0.8066789294584287,0.7928494008628899,0.6867320651888442,0.8030819540796837,1105.721598625183,3013.69921875
-1.5,1.7,-5.0,1,40,SVC,42,4,89,0.7712719118367592,0.7596538383316545,0.6797333818868907,0.765469915099438,1129.958209514618,2720.56640625
0.0,1.9,-5.0,1,40,SVC,42,4,89,0.7769967405901481,0.7449570198616664,0.6537408429855475,0.7721170437399038,1134.5470418930054,2981.453125
-0.25,2.0,-5.0,1,40,SVC,42,4,89,0.8102198727587594,0.7747437014908347,0.678271676919831,0.8080923595431633,1106.5043079853058,2953.5859375
-0.5,2.1,-5.0,1,40,SVC,42,4,89,0.8313736973022241,0.7961043669900507,0.6977972308446168,0.8264685492220688,1172.4376156330109,3035.1875
-0.75,2.2,-5.0,1,40,SVC,42,4,89,0.8432180364393718,0.8076078965565152,0.7033293379712973,0.8392011430712113,1147.0629098415377,3283.58984375
-1.0,2.3,-5.0,1,40,SVC,42,4,89,0.8519219788630936,0.8161834879631985,0.7106064884903023,0.8420727814167894,1156.7664034366608,3422.5
-1.25,2.4,-5.0,1,40,SVC,42,4,89,0.8455511936555425,0.8130915216546978,0.7027855804861883,0.8310973636722324,1131.171950340271,3451.453125
-1.5,2.5,-5.0,1,40,SVC,42,4,89,0.8277670397701787,0.7965865501205937,0.693767468963489,0.8135331430825993,1180.7245988845823,3494.84765625
0.0,1.6,-5.5,1,40,SVC,42,4,89,0.8013757493045719,0.772162864750608,0.6806518185917823,0.7913826984205126,1122.284390926361,3012.08203125
-0.25,1.7,-5.5,1,40,SVC,42,4,89,0.8277994890526365,0.800982215166197,0.6940110134010236,0.8249842154580894,1121.424870014191,2966.296875
-0.5,1.8,-5.5,1,40,SVC,42,4,89,0.841652729411761,0.8153841729612595,0.7123149532047262,0.8433230033201938,1137.4983384609222,2831.43359375
-0.75,1.9,-5.5,1,40,SVC,42,4,89,0.8508660785096309,0.8234727497550033,0.7114339723454002,0.8498196025213252,1126.1562099456787,3012.3828125
-1.0,2.0,-5.5,1,40,SVC,42,4,89,0.8503198986810454,0.8200760239755688,0.7174823018098689,0.8473068452283852,1111.6671254634855,3155.34765625
-1.25,2.1,-5.5,1,40,SVC,42,4,89,0.8333051039342207,0.8137551346626977,0.7058152614636597,0.8333484894402736,1151.0835766792295,3214.98046875
-1.5,2.2,-5.5,1,40,SVC,42,4,89,0.8169330988408676,0.7897815669187771,0.6917978536549297,0.8036423909129129,1159.6645572185516,3079.4765625
0.0,2.4,-5.5,1,40,SVC,42,4,89,0.7387859518372352,0.704171384451561,0.6339298413959655,0.7192847244461167,1185.8111441135406,3490.5703125
-0.25,2.5,-5.5,1,40,SVC,42,4,89,0.7755776891406148,0.7349274717972288,0.6503477525468224,0.759253238371167,1173.490085363388,3563.015625
-0.5,1.5,-6.0,1,40,SVC,42,4,89,0.8469694546953443,0.8246303357288998,0.7218188087586002,0.8425287496306519,1107.6995129585266,2986.3125
-0.75,1.6,-6.0,1,40,SVC,42,4,89,0.8554675981987947,0.8218737547533402,0.7296528470819617,0.8447205858939056,1088.6452462673187,2912.59765625
-1.0,1.7,-6.0,1,40,SVC,42,4,89,0.8419058367589252,0.8155633345903734,0.7232745976394507,0.8453308698646838,1125.9213480949402,3037.40625
-1.25,1.8,-6.0,1,40,SVC,42,4,89,0.8314367737206787,0.810521236273884,0.7141390494342146,0.827961095806335,1118.7123715877533,2948.50390625
-1.5,1.9,-6.0,1,40,SVC,42,4,89,0.7934456101298706,0.7868580144680383,0.6877600658103317,0.8005944074256988,1154.6994240283966,2990.97265625
0.0,2.1,-6.0,1,40,SVC,42,4,89,0.7597687027631223,0.7436688880925642,0.6543323025734384,0.7555250099208721,1137.083048582077,3189.56640625
-0.25,2.2,-6.0,1,40,SVC,42,4,89,0.791893869565658,0.7721827463059989,0.6725356746321068,0.7860014093038677,1162.444020986557,3239.3359375
-0.5,2.3,-6.0,1,40,SVC,42,4,89,0.8226228986215237,0.8010036109097368,0.6918014219147554,0.8162516244680161,1167.4843893051147,3369.265625
-0.75,2.4,-6.0,1,40,SVC,42,4,89,0.8460383762005677,0.8163814843667594,0.7074832568919123,0.8397246486137084,1174.4411404132843,3531.4453125
-1.0,2.5,-6.0,1,40,SVC,42,4,89,0.8484109816910691,0.8231904775674244,0.7053568140631565,0.8452981946185072,1172.7253959178925,3585.01171875
-1.25,1.5,-6.5,1,40,SVC,42,4,89,0.8049022814104687,0.783855262101793,0.7029280553500097,0.7965753094664532,1088.1930508613586,2854.4609375
-1.5,1.6,-6.5,1,40,SVC,42,4,89,0.7734989892705673,0.7576038231665629,0.6795425786740161,0.7616149263682516,1142.55801320076,3025.9609375
0.0,1.8,-6.5,1,40,SVC,42,4,89,0.7791297566674169,0.7537690003501741,0.6718488195330617,0.7679599565181362,1118.3998317718506,2983.6796875
-0.25,1.9,-6.5,1,40,SVC,42,4,89,0.8096703450952387,0.7882970463983809,0.6956967216413839,0.8044160473230728,1140.1096930503843,2935.23828125
-0.5,2.0,-6.5,1,40,SVC,42,4,89,0.8365705779225645,0.8163245500207003,0.7145848320762361,0.8303830462936395,1155.178176164627,3056.171875
-0.75,2.1,-6.5,1,40,SVC,42,4,89,0.8502209154467028,0.8232910746146148,0.7228567724950552,0.8438095755083199,1147.0152068138125,3147.85546875
-1.0,2.2,-6.5,1,40,SVC,42,4,89,0.851971002348749,0.8270240581351063,0.7249943182872327,0.8440642523162549,1120.9720768928528,3258.34765625
-1.25,2.3,-6.5,1,40,SVC,42,4,89,0.8436608842575595,0.8189075256913001,0.7200874153700136,0.8291838803941942,1161.1053636074066,3401.46484375
-1.5,2.4,-6.5,1,40,SVC,42,4,89,0.822254544553378,0.8018839949233958,0.7027290154966849,0.811042826651049,1179.3267149925232,3485.2265625
0.0,1.5,-7.0,1,40,SVC,42,4,89,0.7766508693067568,0.7606571390146764,0.6881872932632043,0.770352815353309,1105.6197504997251,2769.34765625
-0.25,1.6,-7.0,1,40,SVC,42,4,89,0.8012956073841431,0.7893839793166718,0.7138636028908447,0.7989724135223883,1118.8700952529907,3036.984375
-0.5,1.7,-7.0,1,40,SVC,42,4,89,0.8223230458416015,0.8098181984016084,0.7204315036806009,0.8195395249327966,1118.6219637393951,2960.83984375
-0.75,1.8,-7.0,1,40,SVC,42,4,89,0.8274264841153465,0.8101601527196639,0.7243714600625948,0.8240006682925212,1094.0412094593048,2998.90234375
-1.0,1.9,-7.0,1,40,SVC,42,4,89,0.8272561581784551,0.8101561674799651,0.7257661594198306,0.8238661911429007,1132.2797768115995,3114.1640625
-1.25,2.0,-7.0,1,40,SVC,42,4,89,0.8150735743623815,0.8047817454513455,0.7108925328000943,0.8132623947323704,1149.6992473602295,3134.125
-1.5,2.1,-7.0,1,40,SVC,42,4,89,0.7993519387157839,0.7859662888115723,0.6919366954119174,0.7898805710864251,1178.3224103450775,3220.9765625
0.0,2.3,-7.0,1,40,SVC,42,4,89,0.7082187761953367,0.7038253174917306,0.6338122130592654,0.702168574882982,1174.4250922203064,3398.14453125
-0.25,2.4,-7.0,1,40,SVC,42,4,89,0.7494827732480531,0.7380583326205608,0.6596188370735524,0.7428040267257376,1156.297649860382,3456.0546875
-0.5,2.5,-7.0,1,40,SVC,42,4,89,0.780354578731395,0.7701503278069164,0.6807464548387119,0.774837466682866,1736.6799721717834,3645.8828125
0.0,1.6,-4.0,1,40,SVC,42,4,89,0.7934766889161116,0.7592154572244489,0.6707918947687477,0.7867924229427672,1143.3286287784576,2614.625
-0.25,1.7,-4.0,1,40,SVC,42,4,89,0.8172077114342136,0.7779805716445779,0.6933181229430299,0.8076035457787615,1139.3815548419952,2582.48046875
-0.5,1.8,-4.0,1,40,SVC,42,4,89,0.8348177701947106,0.7985333018294039,0.7083324557250364,0.8304612900933173,1139.101939201355,2770.12890625
-0.75,1.9,-4.0,1,40,SVC,42,4,89,0.8453698166966933,0.8090569533642873,0.7077364200724656,0.8387390010254154,1153.9300441741943,2899.2265625
-1.0,2.0,-4.0,1,40,SVC,42,4,89,0.8446361814978267,0.8088830786888435,0.6936892169087319,0.8383209581302291,1152.705685853958,2872.51953125
-1.25,2.1,-4.0,1,40,SVC,42,4,89,0.8234921787967437,0.8012788004588637,0.6933722782057854,0.8227844447819996,1157.1691436767578,2944.51171875
-1.5,2.2,-4.0,1,40,SVC,42,4,89,0.7984369922735153,0.7794133072892822,0.681959108385918,0.7936116791886675,1116.6930060386658,3085.92578125
0.0,2.4,-4.0,1,40,SVC,42,4,89,0.7256945288669097,0.6926806366968725,0.6171593749883442,0.7103191939234783,1137.1214385032654,3276.87109375
-0.25,2.5,-4.0,1,40,SVC,42,4,89,0.7612449618888817,0.7228033266591898,0.6356636299621705,0.7506914651597039,1156.1765139102936,3489.45703125
-0.5,1.5,-4.5,1,40,SVC,42,4,89,0.8392993135468951,0.8150500252697015,0.7134575455288664,0.834915300907759,1065.0240836143494,2690.34765625
-0.75,1.6,-4.5,1,40,SVC,42,4,89,0.8480850289680799,0.8173137487187607,0.7174429389622259,0.8367376409427936,1090.685285806656,2553.85546875
-1.0,1.7,-4.5,1,40,SVC,42,4,89,0.8392025339837956,0.8080820988106213,0.7054001861512206,0.8327533668225935,1082.224497795105,2574.29296875
-1.25,1.8,-4.5,1,40,SVC,42,4,89,0.8228515117499439,0.7930197249622452,0.6938040612226634,0.8164240547672907,1079.174100399017,2753.921875
-1.5,1.9,-4.5,1,40,SVC,42,4,89,0.7937842962726288,0.7637017951155887,0.683143534041024,0.7827534796073604,1083.4406950473783,2946.9140625
0.0,2.1,-4.5,1,40,SVC,42,4,89,0.756790062223702,0.7198692758126422,0.6453264666401457,0.7531652294808249,1119.3242218494415,3124.17578125
-0.25,2.2,-4.5,1,40,SVC,42,4,89,0.791086132741249,0.752410261837742,0.6620594381680365,0.7800408678718335,1094.964020729065,3187.109375
-0.5,2.3,-4.5,1,40,SVC,42,4,89,0.8118679203360675,0.7729696933373453,0.6783696027338183,0.8093143813717316,1132.834513425827,3344.21484375
-0.75,2.4,-4.5,1,40,SVC,42,4,89,0.8289588413853133,0.792712628062957,0.6887977434065444,0.8292746305586797,1132.5702159404757,3400.38671875
-1.0,2.5,-4.5,1,40,SVC,42,4,89,0.8367835176447902,0.8037102827882767,0.6893202680819975,0.8309877373083646,1101.6197896003723,3548.3984375
-1.25,1.5,-5.0,1,40,SVC,42,4,89,0.7995748731984405,0.7831471221194561,0.6896095833365059,0.7952439779080304,1059.9854035377502,2584.234375
-1.5,1.6,-5.0,1,40,SVC,42,4,89,0.7631205535750061,0.7538273141166869,0.6694192228311504,0.7568646377769139,1098.4806554317474,2576.95703125
0.0,1.8,-5.0,1,40,SVC,42,4,89,0.7854416653933048,0.7525627827784901,0.6637272333820305,0.7786083496719596,1098.3910002708435,2818.51953125
-0.25,1.9,-5.0,1,40,SVC,42,4,89,0.815981282573057,0.77959182745811,0.684786558713885,0.815692956605747,1104.9447474479675,2899.82421875
-0.5,2.0,-5.0,1,40,SVC,42,4,89,0.8338824487927137,0.8035618194744913,0.7046884146963176,0.832368913558963,1108.3077511787417,2881.1484375
-0.75,2.1,-5.0,1,40,SVC,42,4,89,0.8481954963807959,0.8163588435980376,0.7135471307833419,0.8428199719940241,1086.991641998291,3170.85546875
-1.0,2.2,-5.0,1,40,SVC,42,4,89,0.8504688966712743,0.8160253380171791,0.7090569343729676,0.844738186143609,1121.6097967624664,3079.4765625
-1.25,2.3,-5.0,1,40,SVC,42,4,89,0.8447823162483501,0.8142289310345626,0.7014419109528864,0.8370242529502483,1131.04421210289,3209.9140625
-1.5,2.4,-5.0,1,40,SVC,42,4,89,0.8209872808726386,0.7959418284649696,0.6884045717498862,0.8093935635232957,1132.5134444236755,3495.27734375
0.0,1.5,-5.5,1,40,SVC,42,4,89,0.8079662991916936,0.7786448439905199,0.6940434908349931,0.7955301466873665,1087.428772687912,2701.8203125
-0.25,1.6,-5.5,1,40,SVC,42,4,89,0.8317176034564586,0.807779030238537,0.7090752534480771,0.8219080254438538,1080.4673130512238,2687.8515625
-0.5,1.7,-5.5,1,40,SVC,42,4,89,0.8431617585143142,0.8203918967178381,0.7112123452489993,0.8438664118291368,1053.6006271839142,2672.30078125
-0.75,1.8,-5.5,1,40,SVC,42,4,89,0.849678994505493,0.8271920475448624,0.7082521906669563,0.8460221434897557,1090.323991060257,2948.50390625
-1.0,1.9,-5.5,1,40,SVC,42,4,89,0.8421485766164878,0.8226736262349247,0.7118236136770955,0.8412560582889567,1118.3967769145966,2789.01953125
-1.25,2.0,-5.5,1,40,SVC,42,4,89,0.8309384403858571,0.8116474784469732,0.7025577652192667,0.8277999059070417,1112.348757982254,3001.23046875
-1.5,2.1,-5.5,1,40,SVC,42,4,89,0.8093169563559387,0.7899491495191162,0.689682028894127,0.8021256751350724,1126.7474255561829,3095.51953125
0.0,2.3,-5.5,1,40,SVC,42,4,89,0.7475690495153491,0.7138980484166908,0.6350081240987502,0.728690815867178,1129.439510345459,3403.171875
-0.25,2.4,-5.5,1,40,SVC,42,4,89,0.7808224253063433,0.7430217150973756,0.6604079929642144,0.7713157700462229,1104.674902677536,3449.1171875
-0.5,2.5,-5.5,1,40,SVC,42,4,89,0.8047560085023682,0.7726458756021257,0.6796074104952574,0.7976844395364815,1122.6682188510897,3585.8046875
-0.75,1.5,-6.0,1,40,SVC,42,4,89,0.8529722659381874,0.8178264378477131,0.7318052206939922,0.8411548522459569,1088.033178806305,2493.40234375
-1.0,1.6,-6.0,1,40,SVC,42,4,89,0.8393843026766327,0.8137809646667561,0.7174656970441456,0.8364593561859344,1088.2450122833252,2575.0390625
-1.25,1.7,-6.0,1,40,SVC,42,4,89,0.8259344791790487,0.8041988268637428,0.7057987308792462,0.8233109853800972,1094.1898093223572,2901.1328125
-1.5,1.8,-6.0,1,40,SVC,42,4,89,0.788632936524085,0.7811883191337556,0.6849062370318797,0.7952835659133082,1097.8554821014404,2801.65625
0.0,2.0,-6.0,1,40,SVC,42,4,89,0.7678024822805568,0.7541843806910095,0.6618520760921285,0.7630107684223528,1077.055062532425,3097.0234375
-0.25,2.1,-6.0,1,40,SVC,42,4,89,0.804756029445159,0.7833475895431441,0.683454691670972,0.7968228123401182,1111.319384098053,3132.65234375
-0.5,2.2,-6.0,1,40,SVC,42,4,89,0.8295842828926393,0.8063442565861902,0.7000162225464315,0.826405044367644,1133.1299109458923,3236.94140625
-0.75,2.3,-6.0,1,40,SVC,42,4,89,0.8481031511490336,0.8223733446725314,0.708029960802137,0.8466095219267274,1134.090563774109,3298.71875
-1.0,2.4,-6.0,1,40,SVC,42,4,89,0.8521655203515854,0.8257784286045768,0.7129432816140935,0.844056561856957,1134.155522108078,3467.29296875
-1.25,2.5,-6.0,1,40,SVC,42,4,89,0.8450464109357971,0.8259271948757662,0.7129843380122778,0.8463266949629532,1130.3565406799316,3606.9921875
-1.5,1.5,-6.5,1,40,SVC,42,4,89,0.7638376723332416,0.7464108543967688,0.6838424869188466,0.756484612115208,1073.7534096240995,2429.32421875
0.0,1.7,-6.5,1,40,SVC,42,4,89,0.7794340148672181,0.7569926272249972,0.6794758124802834,0.7783125411745837,1082.1520171165466,2951.50390625
-0.25,1.8,-6.5,1,40,SVC,42,4,89,0.8189073239379371,0.7933018752657881,0.6991624953146869,0.8152670273186164,1101.275774717331,2775.32421875
-0.5,1.9,-6.5,1,40,SVC,42,4,89,0.8409975319473144,0.8181044036228551,0.7148266801772667,0.8367014643776577,1095.622747182846,2923.84375
-0.75,2.0,-6.5,1,40,SVC,42,4,89,0.8515541888453462,0.8273484711172826,0.718119089977638,0.841105484839604,1118.024607181549,3072.8515625
-1.0,2.1,-6.5,1,40,SVC,42,4,89,0.85040897846126,0.8267029481338314,0.7207289574677301,0.844074101789013,1098.8363616466522,3180.73828125
-1.25,2.2,-6.5,1,40,SVC,42,4,89,0.8380037917765423,0.8172785135312243,0.7180716748991361,0.831137713309692,1088.6279628276825,3196.9140625
-1.5,2.3,-6.5,1,40,SVC,42,4,89,0.8208377750207194,0.8025140199971144,0.6981547278269865,0.8086075222265455,1114.9657249450684,3358.29296875
0.0,2.5,-6.5,1,40,SVC,42,4,89,0.7106201096525782,0.6977059841947293,0.6273934120088843,0.6944789154815054,1128.6873590946198,3545.80078125
-0.25,1.5,-7.0,1,40,SVC,42,4,89,0.8030131748139094,0.7877365905769758,0.7131443625844056,0.8016197774184851,1088.7079322338104,2754.87890625
-0.5,1.6,-7.0,1,40,SVC,42,4,89,0.8229835752826762,0.8096564857977779,0.7239386089426476,0.8202722837333398,1080.797033071518,2906.3046875
-0.75,1.7,-7.0,1,40,SVC,42,4,89,0.8276640751682134,0.8095063760367058,0.7241049244380902,0.8204741726796941,1091.9002656936646,2884.36328125
-1.0,1.8,-7.0,1,40,SVC,42,4,89,0.8260335172292492,0.8103067673683368,0.7250263162102631,0.8233955252810021,1053.8045446872711,2694.97265625
-1.25,1.9,-7.0,1,40,SVC,42,4,89,0.8099188202462699,0.8013764096961749,0.7161294305267514,0.8102110099806191,1099.835713148117,2978.04296875
-1.5,2.0,-7.0,1,40,SVC,42,4,89,0.7940753804328412,0.7830462607111536,0.7007811407285653,0.7900368546757854,1108.9274101257324,3066.22265625
0.0,2.2,-7.0,1,40,SVC,42,4,89,0.7246318358013352,0.7153329958584733,0.6453571508407276,0.7142166234040533,1112.831078290939,3189.13671875
-0.25,2.3,-7.0,1,40,SVC,42,4,89,0.7544917445935464,0.7485712865895817,0.6700424679559784,0.7486752715687999,1113.9160730838776,3357.6875
-0.5,2.4,-7.0,1,40,SVC,42,4,89,0.7886922627660505,0.7772925051194328,0.6834519758592073,0.7840968774750323,1134.0982732772827,3481.15625
-0.75,2.5,-7.0,1,40,SVC,42,4,89,0.8137672412799636,0.7996288996923664,0.7019080850873234,0.8080629100585228,1018.1966025829316,3456.82421875
-0.25,1.6,-4.0,1,40,SVC,42,4,89,0.8256372896048304,0.7823498718653683,0.7053533934028078,0.811851411189098,1125.4542388916016,2536.91796875
-0.5,1.7,-4.0,1,40,SVC,42,4,89,0.8390286629140237,0.8032281184983434,0.7156242670609427,0.8308443728050311,1133.6602430343628,2691.77734375
-0.75,1.8,-4.0,1,40,SVC,42,4,89,0.8477466690412836,0.807598841487092,0.7091697764771336,0.8359904568187977,1138.1679615974426,2695.3046875
-1.0,1.9,-4.0,1,40,SVC,42,4,89,0.8393884341554332,0.8105119155812242,0.6980950153312687,0.8373328698725822,1144.8856291770935,2782.7578125
-1.25,2.0,-4.0,1,40,SVC,42,4,89,0.8197445671779868,0.797875568649977,0.689011950029826,0.8205086299510539,1149.5487790107727,2883.08203125
-1.5,2.1,-4.0,1,40,SVC,42,4,89,0.7940037745160986,0.7852369255907485,0.677466526183063,0.7887569470918105,1154.0425589084623,2955.04296875
0.0,2.3,-4.0,1,40,SVC,42,4,89,0.7312401810620248,0.701264819511823,0.6212584687341542,0.7236932992814866,1119.5610353946686,3354.3828125
-0.25,2.4,-4.0,1,40,SVC,42,4,89,0.772645049679878,0.7299164029978267,0.6475276629652913,0.7610983383050219,1130.053539276123,3462.09765625
-0.5,2.5,-4.0,1,40,SVC,42,4,89,0.7959311303261483,0.7590430423717325,0.6549959305367021,0.7871369781252704,1139.97603392601,3532.6875
-0.75,1.5,-4.5,1,40,SVC,42,4,89,0.8418446194925415,0.8106780329292799,0.719720872958264,0.8316017392419246,1096.2558341026306,2534.17578125
-1.0,1.6,-4.5,1,40,SVC,42,4,89,0.8354573180712932,0.8025846520287461,0.7078838952376363,0.827094491163721,1091.8490993976593,2689.7734375
-1.25,1.7,-4.5,1,40,SVC,42,4,89,0.8183688258742171,0.7902677479729968,0.6906693234422301,0.8097513331850417,1095.7908585071564,2654.18359375
-1.5,1.8,-4.5,1,40,SVC,42,4,89,0.7843125595253742,0.7638641257479463,0.6799637813303934,0.7679729024111683,1117.1176326274872,2816.22265625
0.0,2.0,-4.5,1,40,SVC,42,4,89,0.7674927016926575,0.7292578275446492,0.6486345094946367,0.7671344331055014,1127.438071489334,3059.54296875
-0.25,2.1,-4.5,1,40,SVC,42,4,89,0.7954873579911111,0.756296317300007,0.6698010743148053,0.7922845982166264,1107.7309074401855,3106.73046875
-0.5,2.2,-4.5,1,40,SVC,42,4,89,0.8141548912229272,0.7796077355398144,0.6866779402224497,0.8164245833422243,1135.5794999599457,3265.8671875
-0.75,2.3,-4.5,1,40,SVC,42,4,89,0.8315938522945613,0.7933588426363591,0.698234089909975,0.8317922935330833,1130.1597084999084,3340.55859375
-1.0,2.4,-4.5,1,40,SVC,42,4,89,0.8403189955768631,0.8055000079414633,0.6980908649209041,0.8359623865769293,1161.056331396103,3246.16015625
-1.25,2.5,-4.5,1,40,SVC,42,4,89,0.8291567511504524,0.80159989738976,0.697465434630403,0.8275098911871341,1111.844942569733,3516.26953125
-1.5,1.5,-5.0,1,40,SVC,42,4,89,0.7575459246549817,0.7468748888040333,0.6639175194928542,0.7455996205469801,1086.2935645580292,2463.6015625
0.0,1.7,-5.0,1,40,SVC,42,4,89,0.7887740834006789,0.7616259949449786,0.6674797478913959,0.7909730272114566,1095.317048549652,2764.96875
-0.25,1.8,-5.0,1,40,SVC,42,4,89,0.8204113000831064,0.78525687087511,0.6927776347317494,0.8148575587607411,1113.809143781662,2827.39453125
-0.5,1.9,-5.0,1,40,SVC,42,4,89,0.8332701493320676,0.8080936499894835,0.70901196718497,0.838475887984304,1119.1942274570465,2892.26953125
-0.75,2.0,-5.0,1,40,SVC,42,4,89,0.8484695939183149,0.8208829047427966,0.7103784240785571,0.8453557184774768,1121.9942255020142,2990.0859375
-1.0,2.1,-5.0,1,40,SVC,42,4,89,0.849361710264654,0.816668188096195,0.7115963859548459,0.8438094726013006,1102.169118642807,3094.53125
-1.25,2.2,-5.0,1,40,SVC,42,4,89,0.840660472141993,0.8090507031033772,0.7017058005303372,0.8328167866881686,1133.833208322525,3297.01171875
-1.5,2.3,-5.0,1,40,SVC,42,4,89,0.820811608040277,0.7956129545523596,0.6834369502044256,0.8071247332283276,1151.8623113632202,3195.390625
0.0,2.5,-5.0,1,40,SVC,42,4,89,0.7215769915099898,0.6954315706171417,0.6196134766513209,0.7117625000384041,1139.6813292503357,3577.44140625
-0.25,1.5,-5.5,1,40,SVC,42,4,89,0.8312959293430067,0.8055044350870344,0.7116940158866968,0.8251790875170613,1085.533763885498,2745.7890625
-0.5,1.6,-5.5,1,40,SVC,42,4,89,0.8465742015618907,0.8226625216616724,0.7168486184756073,0.8451597732743346,1111.759078025818,2587.8203125
-0.75,1.7,-5.5,1,40,SVC,42,4,89,0.8485542447558232,0.8231445096800372,0.7139731507997766,0.8434378011670851,1110.5932188034058,2726.2265625
-1.0,1.8,-5.5,1,40,SVC,42,4,89,0.8428969852389989,0.8218539585628715,0.712890655054362,0.8394548508549071,1100.3895223140717,2830.0390625
-1.25,1.9,-5.5,1,40,SVC,42,4,89,0.8290607691449194,0.8067964241951189,0.7040995255085544,0.8244111570062688,1100.8436164855957,2952.390625
-1.5,2.0,-5.5,1,40,SVC,42,4,89,0.8075487906722146,0.7852526788751264,0.6867853874418415,0.8006302017454979,1119.1412634849548,2981.56640625
0.0,2.2,-5.5,1,40,SVC,42,4,89,0.7550154620762126,0.7266866427115647,0.6433228036490584,0.7399695384650746,1123.9319307804108,3229.15625
-0.25,2.3,-5.5,1,40,SVC,42,4,89,0.7860828467862659,0.7537142113516374,0.6599395777645516,0.7796944510999239,1144.7937994003296,3234.63671875
-0.5,2.4,-5.5,1,40,SVC,42,4,89,0.8155635858342372,0.7821948847132236,0.6748557521527763,0.8080573586830115,1152.8504614830017,3391.3125
-0.75,2.5,-5.5,1,40,SVC,42,4,89,0.8353992600218924,0.8021095809771703,0.6995135197182174,0.8322252673961912,1147.9272027015686,3600.05859375
-1.0,1.5,-6.0,1,40,SVC,42,4,89,0.8352040661380626,0.8077834695669783,0.7171324195060462,0.8303520598845585,1086.3449041843414,2762.3046875
-1.25,1.6,-6.0,1,40,SVC,42,4,89,0.8157511212230923,0.7947940942696763,0.7050746456194856,0.8165648975465478,1099.9541018009186,2935.60546875
-1.5,1.7,-6.0,1,40,SVC,42,4,89,0.7826238782232047,0.7732498839996867,0.6866229410007263,0.7866865505797626,1099.1379709243774,2814.26171875
0.0,1.9,-6.0,1,40,SVC,42,4,89,0.7749118712210125,0.760818230917254,0.6678269236165886,0.7711551369605709,1128.9539575576782,2812.52734375
-0.25,2.0,-6.0,1,40,SVC,42,4,89,0.8068244429284165,0.7883607523687557,0.6911442008616057,0.8069449939435043,1131.1945118904114,3120.57421875
-0.5,2.1,-6.0,1,40,SVC,42,4,89,0.8357952383206024,0.8129738819269056,0.7064913696050121,0.8323450560726916,1159.002345085144,3023.7890625
-0.75,2.2,-6.0,1,40,SVC,42,4,89,0.8514323496379401,0.8262602320210816,0.7146432620447644,0.8472165634568634,1136.3867099285126,3279.06640625
-1.0,2.3,-6.0,1,40,SVC,42,4,89,0.8579548850354539,0.8277239865579291,0.7162977215727824,0.8462733979319831,1132.711891889572,3388.7109375
-1.25,2.4,-6.0,1,40,SVC,42,4,89,0.846750433711619,0.825763144991886,0.7112647142990265,0.8453891898915257,1132.1697652339935,3441.92578125
-1.5,2.5,-6.0,1,40,SVC,42,4,89,0.8302159702191592,0.8094051834563089,0.69548323603657,0.8193438329722215,1129.5321025848389,3555.3125
0.0,1.6,-6.5,1,40,SVC,42,4,89,0.7891402407957162,0.7652652260472196,0.6866965859514104,0.7832162062689048,1100.6429183483124,2994.6015625
-0.25,1.7,-6.5,1,40,SVC,42,4,89,0.8220296336226854,0.7949141010105594,0.704978527950898,0.8184301752116772,1094.5235080718994,3072.98828125
-0.5,1.8,-6.5,1,40,SVC,42,4,89,0.8396019728727714,0.8177736160673925,0.7187208718815095,0.8359451663174338,1096.6760408878326,2915.078125
-0.75,1.9,-6.5,1,40,SVC,42,4,89,0.8555287961117896,0.8275160907839557,0.72168498045234,0.8440052446651899,1107.675889492035,2869.48046875
-1.0,2.0,-6.5,1,40,SVC,42,4,89,0.8506316840731557,0.8239465434953794,0.7248258202274512,0.8405861814815931,1110.4184415340424,3129.453125
-1.25,2.1,-6.5,1,40,SVC,42,4,89,0.8396169284473978,0.8153308510031797,0.7109104213274853,0.8291287244316774,1097.7450354099274,3107.01171875
-1.5,2.2,-6.5,1,40,SVC,42,4,89,0.8157836745807823,0.7968515136767849,0.7004976486819547,0.80433762698312,1143.9630062580109,3287.58984375
0.0,2.4,-6.5,1,40,SVC,42,4,89,0.7183150248327755,0.710029837116446,0.6290122167133543,0.7056563741331656,1159.4813051223755,3514.8828125
-0.25,2.5,-6.5,1,40,SVC,42,4,89,0.7558473391040011,0.7370839425598242,0.6520845969159575,0.7475246332324696,1155.1289732456207,3588.2890625
-0.5,1.5,-7.0,1,40,SVC,42,4,89,0.818146191269109,0.8064081569596785,0.7231396394265004,0.8145576294320324,1096.9094643592834,2862.87109375
-0.75,1.6,-7.0,1,40,SVC,42,4,89,0.8289284278411817,0.8125800868672262,0.7258033708619499,0.8223966879685489,1099.2966883182526,2699.48828125
-1.0,1.7,-7.0,1,40,SVC,42,4,89,0.8225657213469696,0.8046269825751204,0.7204270865897786,0.8244496591246693,1085.0933482646942,2972.42578125
-1.25,1.8,-7.0,1,40,SVC,42,4,89,0.8062530805488983,0.7966597011367962,0.7125245473722817,0.8006725316106892,1100.3980751037598,2832.20703125
-1.5,1.9,-7.0,1,40,SVC,42,4,89,0.789295401096447,0.776381223090336,0.6971824026091892,0.7801947283889785,1117.5758187770844,2929.66015625
0.0,2.1,-7.0,1,40,SVC,42,4,89,0.7323431540090812,0.7221405289164784,0.6520352282855324,0.7226846529657239,1139.5069906711578,3215.51953125
-0.25,2.2,-7.0,1,40,SVC,42,4,89,0.7682929979234745,0.7505052594456993,0.6694345457098094,0.7613118293157933,1154.1674745082855,3352.32421875
-0.5,2.3,-7.0,1,40,SVC,42,4,89,0.7979596394127022,0.785539808256295,0.6906528241141392,0.7891621747323592,1153.3692276477814,3419.7421875
-0.75,2.4,-7.0,1,40,SVC,42,4,89,0.81978356962736,0.8061309336271504,0.703962592316651,0.8184634534454793,1129.7800529003143,3529.4296875
-1.0,2.5,-7.0,1,40,SVC,42,4,89,0.8331737263344173,0.8122926702879366,0.7102228814200452,0.8264981898053296,1003.2196304798126,3613.7890625
